[0.171s] DEBUG:colcon:Command line arguments: ['/usr/bin/colcon', 'build', '--symlink-install']
[0.171s] DEBUG:colcon:Parsed command line arguments: Namespace(log_base=None, log_level=None, verb_name='build', build_base='build', install_base='install', merge_install=False, symlink_install=True, test_result_base=None, continue_on_error=False, executor='parallel', parallel_workers=4, event_handlers=None, ignore_user_meta=False, metas=['./colcon.meta'], base_paths=['.'], packages_ignore=None, packages_ignore_regex=None, paths=None, packages_up_to=None, packages_up_to_regex=None, packages_above=None, packages_above_and_dependencies=None, packages_above_depth=None, packages_select_by_dep=None, packages_skip_by_dep=None, packages_skip_up_to=None, packages_select_build_failed=False, packages_skip_build_finished=False, packages_select_test_failures=False, packages_skip_test_passed=False, packages_select=None, packages_skip=None, packages_select_regex=None, packages_skip_regex=None, packages_start=None, packages_end=None, allow_overriding=[], cmake_args=None, cmake_target=None, cmake_target_skip_unavailable=False, cmake_clean_cache=False, cmake_clean_first=False, cmake_force_configure=False, ament_cmake_args=None, catkin_cmake_args=None, catkin_skip_building_tests=False, mixin_files=None, mixin=None, verb_parser=<colcon_mixin.mixin.mixin_argument.MixinArgumentDecorator object at 0x74de2c5e1be0>, verb_extension=<colcon_core.verb.build.BuildVerb object at 0x74de2c586570>, main=<bound method BuildVerb.main of <colcon_core.verb.build.BuildVerb object at 0x74de2c586570>>, mixin_verb=('build',))
[0.214s] Level 1:colcon.colcon_core.package_discovery:discover_packages(colcon_meta) check parameters
[0.214s] Level 1:colcon.colcon_core.package_discovery:discover_packages(recursive) check parameters
[0.214s] Level 1:colcon.colcon_core.package_discovery:discover_packages(ignore) check parameters
[0.214s] Level 1:colcon.colcon_core.package_discovery:discover_packages(path) check parameters
[0.214s] Level 1:colcon.colcon_core.package_discovery:discover_packages(colcon_meta) discover
[0.214s] Level 1:colcon.colcon_core.package_discovery:discover_packages(recursive) discover
[0.214s] INFO:colcon.colcon_core.package_discovery:Crawling recursively for packages in '/home/student/my_uf_ws'
[0.214s] Level 1:colcon.colcon_core.package_identification:_identify(.) by extensions ['ignore', 'ignore_ament_install']
[0.214s] Level 1:colcon.colcon_core.package_identification:_identify(.) by extension 'ignore'
[0.215s] Level 1:colcon.colcon_core.package_identification:_identify(.) by extension 'ignore_ament_install'
[0.215s] Level 1:colcon.colcon_core.package_identification:_identify(.) by extensions ['colcon_pkg']
[0.215s] Level 1:colcon.colcon_core.package_identification:_identify(.) by extension 'colcon_pkg'
[0.215s] Level 1:colcon.colcon_core.package_identification:_identify(.) by extensions ['colcon_meta']
[0.215s] Level 1:colcon.colcon_core.package_identification:_identify(.) by extension 'colcon_meta'
[0.215s] Level 1:colcon.colcon_core.package_identification:_identify(.) by extensions ['ros']
[0.215s] Level 1:colcon.colcon_core.package_identification:_identify(.) by extension 'ros'
[0.243s] Level 1:colcon.colcon_core.package_identification:_identify(.) by extensions ['cmake', 'python']
[0.243s] Level 1:colcon.colcon_core.package_identification:_identify(.) by extension 'cmake'
[0.243s] Level 1:colcon.colcon_core.package_identification:_identify(.) by extension 'python'
[0.243s] Level 1:colcon.colcon_core.package_identification:_identify(.) by extensions ['python_setup_py']
[0.243s] Level 1:colcon.colcon_core.package_identification:_identify(.) by extension 'python_setup_py'
[0.243s] Level 1:colcon.colcon_core.package_identification:_identify(build) by extensions ['ignore', 'ignore_ament_install']
[0.243s] Level 1:colcon.colcon_core.package_identification:_identify(build) by extension 'ignore'
[0.243s] Level 1:colcon.colcon_core.package_identification:_identify(build) ignored
[0.243s] Level 1:colcon.colcon_core.package_identification:_identify(install) by extensions ['ignore', 'ignore_ament_install']
[0.243s] Level 1:colcon.colcon_core.package_identification:_identify(install) by extension 'ignore'
[0.243s] Level 1:colcon.colcon_core.package_identification:_identify(install) ignored
[0.243s] Level 1:colcon.colcon_core.package_identification:_identify(log) by extensions ['ignore', 'ignore_ament_install']
[0.244s] Level 1:colcon.colcon_core.package_identification:_identify(log) by extension 'ignore'
[0.244s] Level 1:colcon.colcon_core.package_identification:_identify(log) ignored
[0.244s] Level 1:colcon.colcon_core.package_identification:_identify(src) by extensions ['ignore', 'ignore_ament_install']
[0.244s] Level 1:colcon.colcon_core.package_identification:_identify(src) by extension 'ignore'
[0.244s] Level 1:colcon.colcon_core.package_identification:_identify(src) by extension 'ignore_ament_install'
[0.244s] Level 1:colcon.colcon_core.package_identification:_identify(src) by extensions ['colcon_pkg']
[0.244s] Level 1:colcon.colcon_core.package_identification:_identify(src) by extension 'colcon_pkg'
[0.244s] Level 1:colcon.colcon_core.package_identification:_identify(src) by extensions ['colcon_meta']
[0.244s] Level 1:colcon.colcon_core.package_identification:_identify(src) by extension 'colcon_meta'
[0.244s] Level 1:colcon.colcon_core.package_identification:_identify(src) by extensions ['ros']
[0.244s] Level 1:colcon.colcon_core.package_identification:_identify(src) by extension 'ros'
[0.244s] Level 1:colcon.colcon_core.package_identification:_identify(src) by extensions ['cmake', 'python']
[0.244s] Level 1:colcon.colcon_core.package_identification:_identify(src) by extension 'cmake'
[0.244s] Level 1:colcon.colcon_core.package_identification:_identify(src) by extension 'python'
[0.244s] Level 1:colcon.colcon_core.package_identification:_identify(src) by extensions ['python_setup_py']
[0.244s] Level 1:colcon.colcon_core.package_identification:_identify(src) by extension 'python_setup_py'
[0.244s] Level 1:colcon.colcon_core.package_identification:_identify(src/my_moveit_python) by extensions ['ignore', 'ignore_ament_install']
[0.244s] Level 1:colcon.colcon_core.package_identification:_identify(src/my_moveit_python) by extension 'ignore'
[0.244s] Level 1:colcon.colcon_core.package_identification:_identify(src/my_moveit_python) by extension 'ignore_ament_install'
[0.245s] Level 1:colcon.colcon_core.package_identification:_identify(src/my_moveit_python) by extensions ['colcon_pkg']
[0.245s] Level 1:colcon.colcon_core.package_identification:_identify(src/my_moveit_python) by extension 'colcon_pkg'
[0.245s] Level 1:colcon.colcon_core.package_identification:_identify(src/my_moveit_python) by extensions ['colcon_meta']
[0.245s] Level 1:colcon.colcon_core.package_identification:_identify(src/my_moveit_python) by extension 'colcon_meta'
[0.245s] Level 1:colcon.colcon_core.package_identification:_identify(src/my_moveit_python) by extensions ['ros']
[0.245s] Level 1:colcon.colcon_core.package_identification:_identify(src/my_moveit_python) by extension 'ros'
[0.247s] DEBUG:colcon.colcon_core.package_identification:Package 'src/my_moveit_python' with type 'ros.ament_cmake' and name 'my_moveit_python'
[0.247s] Level 1:colcon.colcon_core.package_identification:_identify(src/my_ufactory_ROS2) by extensions ['ignore', 'ignore_ament_install']
[0.247s] Level 1:colcon.colcon_core.package_identification:_identify(src/my_ufactory_ROS2) by extension 'ignore'
[0.247s] Level 1:colcon.colcon_core.package_identification:_identify(src/my_ufactory_ROS2) by extension 'ignore_ament_install'
[0.247s] Level 1:colcon.colcon_core.package_identification:_identify(src/my_ufactory_ROS2) by extensions ['colcon_pkg']
[0.247s] Level 1:colcon.colcon_core.package_identification:_identify(src/my_ufactory_ROS2) by extension 'colcon_pkg'
[0.247s] Level 1:colcon.colcon_core.package_identification:_identify(src/my_ufactory_ROS2) by extensions ['colcon_meta']
[0.247s] Level 1:colcon.colcon_core.package_identification:_identify(src/my_ufactory_ROS2) by extension 'colcon_meta'
[0.247s] Level 1:colcon.colcon_core.package_identification:_identify(src/my_ufactory_ROS2) by extensions ['ros']
[0.247s] Level 1:colcon.colcon_core.package_identification:_identify(src/my_ufactory_ROS2) by extension 'ros'
[0.248s] Level 1:colcon.colcon_core.package_identification:_identify(src/my_ufactory_ROS2) by extensions ['cmake', 'python']
[0.248s] Level 1:colcon.colcon_core.package_identification:_identify(src/my_ufactory_ROS2) by extension 'cmake'
[0.248s] Level 1:colcon.colcon_core.package_identification:_identify(src/my_ufactory_ROS2) by extension 'python'
[0.248s] Level 1:colcon.colcon_core.package_identification:_identify(src/my_ufactory_ROS2) by extensions ['python_setup_py']
[0.248s] Level 1:colcon.colcon_core.package_identification:_identify(src/my_ufactory_ROS2) by extension 'python_setup_py'
[0.248s] Level 1:colcon.colcon_core.package_identification:_identify(src/my_ufactory_ROS2/chess) by extensions ['ignore', 'ignore_ament_install']
[0.248s] Level 1:colcon.colcon_core.package_identification:_identify(src/my_ufactory_ROS2/chess) by extension 'ignore'
[0.248s] Level 1:colcon.colcon_core.package_identification:_identify(src/my_ufactory_ROS2/chess) ignored
[0.248s] Level 1:colcon.colcon_core.package_identification:_identify(src/my_ufactory_ROS2/documentation) by extensions ['ignore', 'ignore_ament_install']
[0.248s] Level 1:colcon.colcon_core.package_identification:_identify(src/my_ufactory_ROS2/documentation) by extension 'ignore'
[0.248s] Level 1:colcon.colcon_core.package_identification:_identify(src/my_ufactory_ROS2/documentation) by extension 'ignore_ament_install'
[0.248s] Level 1:colcon.colcon_core.package_identification:_identify(src/my_ufactory_ROS2/documentation) by extensions ['colcon_pkg']
[0.248s] Level 1:colcon.colcon_core.package_identification:_identify(src/my_ufactory_ROS2/documentation) by extension 'colcon_pkg'
[0.248s] Level 1:colcon.colcon_core.package_identification:_identify(src/my_ufactory_ROS2/documentation) by extensions ['colcon_meta']
[0.248s] Level 1:colcon.colcon_core.package_identification:_identify(src/my_ufactory_ROS2/documentation) by extension 'colcon_meta'
[0.248s] Level 1:colcon.colcon_core.package_identification:_identify(src/my_ufactory_ROS2/documentation) by extensions ['ros']
[0.248s] Level 1:colcon.colcon_core.package_identification:_identify(src/my_ufactory_ROS2/documentation) by extension 'ros'
[0.248s] Level 1:colcon.colcon_core.package_identification:_identify(src/my_ufactory_ROS2/documentation) by extensions ['cmake', 'python']
[0.249s] Level 1:colcon.colcon_core.package_identification:_identify(src/my_ufactory_ROS2/documentation) by extension 'cmake'
[0.249s] Level 1:colcon.colcon_core.package_identification:_identify(src/my_ufactory_ROS2/documentation) by extension 'python'
[0.249s] Level 1:colcon.colcon_core.package_identification:_identify(src/my_ufactory_ROS2/documentation) by extensions ['python_setup_py']
[0.249s] Level 1:colcon.colcon_core.package_identification:_identify(src/my_ufactory_ROS2/documentation) by extension 'python_setup_py'
[0.249s] Level 1:colcon.colcon_core.package_identification:_identify(src/my_ufactory_ROS2/documentation/_static) by extensions ['ignore', 'ignore_ament_install']
[0.249s] Level 1:colcon.colcon_core.package_identification:_identify(src/my_ufactory_ROS2/documentation/_static) by extension 'ignore'
[0.249s] Level 1:colcon.colcon_core.package_identification:_identify(src/my_ufactory_ROS2/documentation/_static) by extension 'ignore_ament_install'
[0.249s] Level 1:colcon.colcon_core.package_identification:_identify(src/my_ufactory_ROS2/documentation/_static) by extensions ['colcon_pkg']
[0.249s] Level 1:colcon.colcon_core.package_identification:_identify(src/my_ufactory_ROS2/documentation/_static) by extension 'colcon_pkg'
[0.249s] Level 1:colcon.colcon_core.package_identification:_identify(src/my_ufactory_ROS2/documentation/_static) by extensions ['colcon_meta']
[0.249s] Level 1:colcon.colcon_core.package_identification:_identify(src/my_ufactory_ROS2/documentation/_static) by extension 'colcon_meta'
[0.249s] Level 1:colcon.colcon_core.package_identification:_identify(src/my_ufactory_ROS2/documentation/_static) by extensions ['ros']
[0.249s] Level 1:colcon.colcon_core.package_identification:_identify(src/my_ufactory_ROS2/documentation/_static) by extension 'ros'
[0.249s] Level 1:colcon.colcon_core.package_identification:_identify(src/my_ufactory_ROS2/documentation/_static) by extensions ['cmake', 'python']
[0.249s] Level 1:colcon.colcon_core.package_identification:_identify(src/my_ufactory_ROS2/documentation/_static) by extension 'cmake'
[0.249s] Level 1:colcon.colcon_core.package_identification:_identify(src/my_ufactory_ROS2/documentation/_static) by extension 'python'
[0.249s] Level 1:colcon.colcon_core.package_identification:_identify(src/my_ufactory_ROS2/documentation/_static) by extensions ['python_setup_py']
[0.249s] Level 1:colcon.colcon_core.package_identification:_identify(src/my_ufactory_ROS2/documentation/_static) by extension 'python_setup_py'
[0.249s] Level 1:colcon.colcon_core.package_identification:_identify(src/my_ufactory_ROS2/documentation/documentation) by extensions ['ignore', 'ignore_ament_install']
[0.250s] Level 1:colcon.colcon_core.package_identification:_identify(src/my_ufactory_ROS2/documentation/documentation) by extension 'ignore'
[0.250s] Level 1:colcon.colcon_core.package_identification:_identify(src/my_ufactory_ROS2/documentation/documentation) by extension 'ignore_ament_install'
[0.250s] Level 1:colcon.colcon_core.package_identification:_identify(src/my_ufactory_ROS2/documentation/documentation) by extensions ['colcon_pkg']
[0.250s] Level 1:colcon.colcon_core.package_identification:_identify(src/my_ufactory_ROS2/documentation/documentation) by extension 'colcon_pkg'
[0.250s] Level 1:colcon.colcon_core.package_identification:_identify(src/my_ufactory_ROS2/documentation/documentation) by extensions ['colcon_meta']
[0.250s] Level 1:colcon.colcon_core.package_identification:_identify(src/my_ufactory_ROS2/documentation/documentation) by extension 'colcon_meta'
[0.250s] Level 1:colcon.colcon_core.package_identification:_identify(src/my_ufactory_ROS2/documentation/documentation) by extensions ['ros']
[0.250s] Level 1:colcon.colcon_core.package_identification:_identify(src/my_ufactory_ROS2/documentation/documentation) by extension 'ros'
[0.250s] Level 1:colcon.colcon_core.package_identification:_identify(src/my_ufactory_ROS2/documentation/documentation) by extensions ['cmake', 'python']
[0.250s] Level 1:colcon.colcon_core.package_identification:_identify(src/my_ufactory_ROS2/documentation/documentation) by extension 'cmake'
[0.250s] Level 1:colcon.colcon_core.package_identification:_identify(src/my_ufactory_ROS2/documentation/documentation) by extension 'python'
[0.250s] Level 1:colcon.colcon_core.package_identification:_identify(src/my_ufactory_ROS2/documentation/documentation) by extensions ['python_setup_py']
[0.250s] Level 1:colcon.colcon_core.package_identification:_identify(src/my_ufactory_ROS2/documentation/documentation) by extension 'python_setup_py'
[0.250s] Level 1:colcon.colcon_core.package_identification:_identify(src/my_ufactory_ROS2/documentation/images) by extensions ['ignore', 'ignore_ament_install']
[0.250s] Level 1:colcon.colcon_core.package_identification:_identify(src/my_ufactory_ROS2/documentation/images) by extension 'ignore'
[0.250s] Level 1:colcon.colcon_core.package_identification:_identify(src/my_ufactory_ROS2/documentation/images) by extension 'ignore_ament_install'
[0.250s] Level 1:colcon.colcon_core.package_identification:_identify(src/my_ufactory_ROS2/documentation/images) by extensions ['colcon_pkg']
[0.250s] Level 1:colcon.colcon_core.package_identification:_identify(src/my_ufactory_ROS2/documentation/images) by extension 'colcon_pkg'
[0.251s] Level 1:colcon.colcon_core.package_identification:_identify(src/my_ufactory_ROS2/documentation/images) by extensions ['colcon_meta']
[0.251s] Level 1:colcon.colcon_core.package_identification:_identify(src/my_ufactory_ROS2/documentation/images) by extension 'colcon_meta'
[0.251s] Level 1:colcon.colcon_core.package_identification:_identify(src/my_ufactory_ROS2/documentation/images) by extensions ['ros']
[0.251s] Level 1:colcon.colcon_core.package_identification:_identify(src/my_ufactory_ROS2/documentation/images) by extension 'ros'
[0.251s] Level 1:colcon.colcon_core.package_identification:_identify(src/my_ufactory_ROS2/documentation/images) by extensions ['cmake', 'python']
[0.251s] Level 1:colcon.colcon_core.package_identification:_identify(src/my_ufactory_ROS2/documentation/images) by extension 'cmake'
[0.251s] Level 1:colcon.colcon_core.package_identification:_identify(src/my_ufactory_ROS2/documentation/images) by extension 'python'
[0.251s] Level 1:colcon.colcon_core.package_identification:_identify(src/my_ufactory_ROS2/documentation/images) by extensions ['python_setup_py']
[0.251s] Level 1:colcon.colcon_core.package_identification:_identify(src/my_ufactory_ROS2/documentation/images) by extension 'python_setup_py'
[0.251s] Level 1:colcon.colcon_core.package_identification:_identify(src/my_ufactory_ROS2/install) by extensions ['ignore', 'ignore_ament_install']
[0.251s] Level 1:colcon.colcon_core.package_identification:_identify(src/my_ufactory_ROS2/install) by extension 'ignore'
[0.251s] Level 1:colcon.colcon_core.package_identification:_identify(src/my_ufactory_ROS2/install) by extension 'ignore_ament_install'
[0.251s] Level 1:colcon.colcon_core.package_identification:_identify(src/my_ufactory_ROS2/install) by extensions ['colcon_pkg']
[0.251s] Level 1:colcon.colcon_core.package_identification:_identify(src/my_ufactory_ROS2/install) by extension 'colcon_pkg'
[0.251s] Level 1:colcon.colcon_core.package_identification:_identify(src/my_ufactory_ROS2/install) by extensions ['colcon_meta']
[0.251s] Level 1:colcon.colcon_core.package_identification:_identify(src/my_ufactory_ROS2/install) by extension 'colcon_meta'
[0.251s] Level 1:colcon.colcon_core.package_identification:_identify(src/my_ufactory_ROS2/install) by extensions ['ros']
[0.251s] Level 1:colcon.colcon_core.package_identification:_identify(src/my_ufactory_ROS2/install) by extension 'ros'
[0.251s] Level 1:colcon.colcon_core.package_identification:_identify(src/my_ufactory_ROS2/install) by extensions ['cmake', 'python']
[0.251s] Level 1:colcon.colcon_core.package_identification:_identify(src/my_ufactory_ROS2/install) by extension 'cmake'
[0.251s] Level 1:colcon.colcon_core.package_identification:_identify(src/my_ufactory_ROS2/install) by extension 'python'
[0.252s] Level 1:colcon.colcon_core.package_identification:_identify(src/my_ufactory_ROS2/install) by extensions ['python_setup_py']
[0.252s] Level 1:colcon.colcon_core.package_identification:_identify(src/my_ufactory_ROS2/install) by extension 'python_setup_py'
[0.252s] Level 1:colcon.colcon_core.package_identification:_identify(src/my_ufactory_ROS2/my_uf) by extensions ['ignore', 'ignore_ament_install']
[0.252s] Level 1:colcon.colcon_core.package_identification:_identify(src/my_ufactory_ROS2/my_uf) by extension 'ignore'
[0.252s] Level 1:colcon.colcon_core.package_identification:_identify(src/my_ufactory_ROS2/my_uf) by extension 'ignore_ament_install'
[0.252s] Level 1:colcon.colcon_core.package_identification:_identify(src/my_ufactory_ROS2/my_uf) by extensions ['colcon_pkg']
[0.252s] Level 1:colcon.colcon_core.package_identification:_identify(src/my_ufactory_ROS2/my_uf) by extension 'colcon_pkg'
[0.252s] Level 1:colcon.colcon_core.package_identification:_identify(src/my_ufactory_ROS2/my_uf) by extensions ['colcon_meta']
[0.252s] Level 1:colcon.colcon_core.package_identification:_identify(src/my_ufactory_ROS2/my_uf) by extension 'colcon_meta'
[0.252s] Level 1:colcon.colcon_core.package_identification:_identify(src/my_ufactory_ROS2/my_uf) by extensions ['ros']
[0.252s] Level 1:colcon.colcon_core.package_identification:_identify(src/my_ufactory_ROS2/my_uf) by extension 'ros'
[0.254s] DEBUG:colcon.colcon_core.package_identification:Package 'src/my_ufactory_ROS2/my_uf' with type 'ros.ament_cmake' and name 'my_uf'
[0.254s] Level 1:colcon.colcon_core.package_identification:_identify(src/my_ufactory_ROS2/my_uf_bringup) by extensions ['ignore', 'ignore_ament_install']
[0.254s] Level 1:colcon.colcon_core.package_identification:_identify(src/my_ufactory_ROS2/my_uf_bringup) by extension 'ignore'
[0.254s] Level 1:colcon.colcon_core.package_identification:_identify(src/my_ufactory_ROS2/my_uf_bringup) by extension 'ignore_ament_install'
[0.254s] Level 1:colcon.colcon_core.package_identification:_identify(src/my_ufactory_ROS2/my_uf_bringup) by extensions ['colcon_pkg']
[0.254s] Level 1:colcon.colcon_core.package_identification:_identify(src/my_ufactory_ROS2/my_uf_bringup) by extension 'colcon_pkg'
[0.254s] Level 1:colcon.colcon_core.package_identification:_identify(src/my_ufactory_ROS2/my_uf_bringup) by extensions ['colcon_meta']
[0.254s] Level 1:colcon.colcon_core.package_identification:_identify(src/my_ufactory_ROS2/my_uf_bringup) by extension 'colcon_meta'
[0.255s] Level 1:colcon.colcon_core.package_identification:_identify(src/my_ufactory_ROS2/my_uf_bringup) by extensions ['ros']
[0.255s] Level 1:colcon.colcon_core.package_identification:_identify(src/my_ufactory_ROS2/my_uf_bringup) by extension 'ros'
[0.255s] DEBUG:colcon.colcon_core.package_identification:Package 'src/my_ufactory_ROS2/my_uf_bringup' with type 'ros.ament_python' and name 'my_uf_bringup'
[0.255s] Level 1:colcon.colcon_core.package_identification:_identify(src/my_ufactory_ROS2/my_uf_demo) by extensions ['ignore', 'ignore_ament_install']
[0.255s] Level 1:colcon.colcon_core.package_identification:_identify(src/my_ufactory_ROS2/my_uf_demo) by extension 'ignore'
[0.256s] Level 1:colcon.colcon_core.package_identification:_identify(src/my_ufactory_ROS2/my_uf_demo) by extension 'ignore_ament_install'
[0.256s] Level 1:colcon.colcon_core.package_identification:_identify(src/my_ufactory_ROS2/my_uf_demo) by extensions ['colcon_pkg']
[0.256s] Level 1:colcon.colcon_core.package_identification:_identify(src/my_ufactory_ROS2/my_uf_demo) by extension 'colcon_pkg'
[0.256s] Level 1:colcon.colcon_core.package_identification:_identify(src/my_ufactory_ROS2/my_uf_demo) by extensions ['colcon_meta']
[0.256s] Level 1:colcon.colcon_core.package_identification:_identify(src/my_ufactory_ROS2/my_uf_demo) by extension 'colcon_meta'
[0.256s] Level 1:colcon.colcon_core.package_identification:_identify(src/my_ufactory_ROS2/my_uf_demo) by extensions ['ros']
[0.256s] Level 1:colcon.colcon_core.package_identification:_identify(src/my_ufactory_ROS2/my_uf_demo) by extension 'ros'
[0.256s] DEBUG:colcon.colcon_core.package_identification:Package 'src/my_ufactory_ROS2/my_uf_demo' with type 'ros.ament_python' and name 'my_uf_demo'
[0.256s] Level 1:colcon.colcon_core.package_identification:_identify(src/my_ufactory_ROS2/my_uf_demo_cpp) by extensions ['ignore', 'ignore_ament_install']
[0.256s] Level 1:colcon.colcon_core.package_identification:_identify(src/my_ufactory_ROS2/my_uf_demo_cpp) by extension 'ignore'
[0.256s] Level 1:colcon.colcon_core.package_identification:_identify(src/my_ufactory_ROS2/my_uf_demo_cpp) ignored
[0.256s] Level 1:colcon.colcon_core.package_identification:_identify(src/my_ufactory_ROS2/my_uf_description) by extensions ['ignore', 'ignore_ament_install']
[0.257s] Level 1:colcon.colcon_core.package_identification:_identify(src/my_ufactory_ROS2/my_uf_description) by extension 'ignore'
[0.257s] Level 1:colcon.colcon_core.package_identification:_identify(src/my_ufactory_ROS2/my_uf_description) by extension 'ignore_ament_install'
[0.257s] Level 1:colcon.colcon_core.package_identification:_identify(src/my_ufactory_ROS2/my_uf_description) by extensions ['colcon_pkg']
[0.257s] Level 1:colcon.colcon_core.package_identification:_identify(src/my_ufactory_ROS2/my_uf_description) by extension 'colcon_pkg'
[0.257s] Level 1:colcon.colcon_core.package_identification:_identify(src/my_ufactory_ROS2/my_uf_description) by extensions ['colcon_meta']
[0.257s] Level 1:colcon.colcon_core.package_identification:_identify(src/my_ufactory_ROS2/my_uf_description) by extension 'colcon_meta'
[0.257s] Level 1:colcon.colcon_core.package_identification:_identify(src/my_ufactory_ROS2/my_uf_description) by extensions ['ros']
[0.257s] Level 1:colcon.colcon_core.package_identification:_identify(src/my_ufactory_ROS2/my_uf_description) by extension 'ros'
[0.257s] DEBUG:colcon.colcon_core.package_identification:Package 'src/my_ufactory_ROS2/my_uf_description' with type 'ros.ament_python' and name 'my_uf_description'
[0.257s] Level 1:colcon.colcon_core.package_identification:_identify(src/my_ufactory_ROS2/my_uf_moveit_config) by extensions ['ignore', 'ignore_ament_install']
[0.257s] Level 1:colcon.colcon_core.package_identification:_identify(src/my_ufactory_ROS2/my_uf_moveit_config) by extension 'ignore'
[0.258s] Level 1:colcon.colcon_core.package_identification:_identify(src/my_ufactory_ROS2/my_uf_moveit_config) by extension 'ignore_ament_install'
[0.258s] Level 1:colcon.colcon_core.package_identification:_identify(src/my_ufactory_ROS2/my_uf_moveit_config) by extensions ['colcon_pkg']
[0.258s] Level 1:colcon.colcon_core.package_identification:_identify(src/my_ufactory_ROS2/my_uf_moveit_config) by extension 'colcon_pkg'
[0.258s] Level 1:colcon.colcon_core.package_identification:_identify(src/my_ufactory_ROS2/my_uf_moveit_config) by extensions ['colcon_meta']
[0.258s] Level 1:colcon.colcon_core.package_identification:_identify(src/my_ufactory_ROS2/my_uf_moveit_config) by extension 'colcon_meta'
[0.258s] Level 1:colcon.colcon_core.package_identification:_identify(src/my_ufactory_ROS2/my_uf_moveit_config) by extensions ['ros']
[0.258s] Level 1:colcon.colcon_core.package_identification:_identify(src/my_ufactory_ROS2/my_uf_moveit_config) by extension 'ros'
[0.258s] DEBUG:colcon.colcon_core.package_identification:Package 'src/my_ufactory_ROS2/my_uf_moveit_config' with type 'ros.ament_cmake' and name 'my_uf_moveit_config'
[0.258s] Level 1:colcon.colcon_core.package_identification:_identify(src/pymoveit2) by extensions ['ignore', 'ignore_ament_install']
[0.259s] Level 1:colcon.colcon_core.package_identification:_identify(src/pymoveit2) by extension 'ignore'
[0.259s] Level 1:colcon.colcon_core.package_identification:_identify(src/pymoveit2) by extension 'ignore_ament_install'
[0.259s] Level 1:colcon.colcon_core.package_identification:_identify(src/pymoveit2) by extensions ['colcon_pkg']
[0.259s] Level 1:colcon.colcon_core.package_identification:_identify(src/pymoveit2) by extension 'colcon_pkg'
[0.259s] Level 1:colcon.colcon_core.package_identification:_identify(src/pymoveit2) by extensions ['colcon_meta']
[0.259s] Level 1:colcon.colcon_core.package_identification:_identify(src/pymoveit2) by extension 'colcon_meta'
[0.259s] Level 1:colcon.colcon_core.package_identification:_identify(src/pymoveit2) by extensions ['ros']
[0.259s] Level 1:colcon.colcon_core.package_identification:_identify(src/pymoveit2) by extension 'ros'
[0.259s] DEBUG:colcon.colcon_core.package_identification:Package 'src/pymoveit2' with type 'ros.ament_cmake' and name 'pymoveit2'
[0.259s] Level 1:colcon.colcon_core.package_discovery:discover_packages(recursive) using defaults
[0.260s] Level 1:colcon.colcon_core.package_discovery:discover_packages(ignore) discover
[0.260s] Level 1:colcon.colcon_core.package_discovery:discover_packages(ignore) using defaults
[0.260s] Level 1:colcon.colcon_core.package_discovery:discover_packages(path) discover
[0.260s] Level 1:colcon.colcon_core.package_discovery:discover_packages(path) using defaults
[0.290s] Level 1:colcon.colcon_core.package_discovery:discover_packages(prefix_path) check parameters
[0.290s] Level 1:colcon.colcon_core.package_discovery:discover_packages(prefix_path) discover
[0.292s] WARNING:colcon.colcon_core.prefix_path.colcon:The path '/home/student/my_uf_ws/src/my_ufactory_ROS2/my_uf_description/install' in the environment variable COLCON_PREFIX_PATH doesn't exist
[0.299s] WARNING:colcon.colcon_ros.prefix_path.ament:The path '/home/student/my_uf_ws/install/xarm_planner' in the environment variable AMENT_PREFIX_PATH doesn't exist
[0.300s] WARNING:colcon.colcon_ros.prefix_path.ament:The path '/home/student/my_uf_ws/install/xarm_moveit_servo' in the environment variable AMENT_PREFIX_PATH doesn't exist
[0.300s] WARNING:colcon.colcon_ros.prefix_path.ament:The path '/home/student/my_uf_ws/install/xarm_moveit_config' in the environment variable AMENT_PREFIX_PATH doesn't exist
[0.300s] WARNING:colcon.colcon_ros.prefix_path.ament:The path '/home/student/my_uf_ws/install/xarm_gazebo' in the environment variable AMENT_PREFIX_PATH doesn't exist
[0.300s] WARNING:colcon.colcon_ros.prefix_path.ament:The path '/home/student/my_uf_ws/install/xarm_controller' in the environment variable AMENT_PREFIX_PATH doesn't exist
[0.300s] WARNING:colcon.colcon_ros.prefix_path.ament:The path '/home/student/my_uf_ws/install/xarm_api' in the environment variable AMENT_PREFIX_PATH doesn't exist
[0.300s] WARNING:colcon.colcon_ros.prefix_path.ament:The path '/home/student/my_uf_ws/install/xarm_sdk' in the environment variable AMENT_PREFIX_PATH doesn't exist
[0.300s] WARNING:colcon.colcon_ros.prefix_path.ament:The path '/home/student/my_uf_ws/install/xarm_msgs' in the environment variable AMENT_PREFIX_PATH doesn't exist
[0.300s] WARNING:colcon.colcon_ros.prefix_path.ament:The path '/home/student/my_uf_ws/install/xarm_description' in the environment variable AMENT_PREFIX_PATH doesn't exist
[0.300s] WARNING:colcon.colcon_ros.prefix_path.ament:The path '/home/student/my_uf_ws/install/mbot_demo' in the environment variable AMENT_PREFIX_PATH doesn't exist
[0.300s] WARNING:colcon.colcon_ros.prefix_path.ament:The path '/home/student/my_uf_ws/install/uf_ros_lib' in the environment variable AMENT_PREFIX_PATH doesn't exist
[0.300s] WARNING:colcon.colcon_ros.prefix_path.ament:The path '/home/student/my_uf_ws/install/realsense_gazebo_plugin' in the environment variable AMENT_PREFIX_PATH doesn't exist
[0.301s] WARNING:colcon.colcon_ros.prefix_path.ament:The path '/home/student/my_uf_ws/src/my_ufactory_ROS2/my_uf_description/install/my_uf_description' in the environment variable AMENT_PREFIX_PATH doesn't exist
[0.306s] WARNING:colcon.colcon_ros.prefix_path.catkin:The path '/home/student/my_uf_ws/install/xarm_planner' in the environment variable CMAKE_PREFIX_PATH doesn't exist
[0.306s] WARNING:colcon.colcon_ros.prefix_path.catkin:The path '/home/student/my_uf_ws/install/xarm_moveit_servo' in the environment variable CMAKE_PREFIX_PATH doesn't exist
[0.306s] WARNING:colcon.colcon_ros.prefix_path.catkin:The path '/home/student/my_uf_ws/install/xarm_moveit_config' in the environment variable CMAKE_PREFIX_PATH doesn't exist
[0.306s] WARNING:colcon.colcon_ros.prefix_path.catkin:The path '/home/student/my_uf_ws/install/xarm_gazebo' in the environment variable CMAKE_PREFIX_PATH doesn't exist
[0.306s] WARNING:colcon.colcon_ros.prefix_path.catkin:The path '/home/student/my_uf_ws/install/xarm_controller' in the environment variable CMAKE_PREFIX_PATH doesn't exist
[0.306s] WARNING:colcon.colcon_ros.prefix_path.catkin:The path '/home/student/my_uf_ws/install/xarm_api' in the environment variable CMAKE_PREFIX_PATH doesn't exist
[0.306s] WARNING:colcon.colcon_ros.prefix_path.catkin:The path '/home/student/my_uf_ws/install/xarm_sdk' in the environment variable CMAKE_PREFIX_PATH doesn't exist
[0.306s] WARNING:colcon.colcon_ros.prefix_path.catkin:The path '/home/student/my_uf_ws/install/xarm_msgs' in the environment variable CMAKE_PREFIX_PATH doesn't exist
[0.306s] WARNING:colcon.colcon_ros.prefix_path.catkin:The path '/home/student/my_uf_ws/install/xarm_description' in the environment variable CMAKE_PREFIX_PATH doesn't exist
[0.306s] WARNING:colcon.colcon_ros.prefix_path.catkin:The path '/home/student/my_uf_ws/install/mbot_demo' in the environment variable CMAKE_PREFIX_PATH doesn't exist
[0.307s] WARNING:colcon.colcon_ros.prefix_path.catkin:The path '/home/student/my_uf_ws/install/realsense_gazebo_plugin' in the environment variable CMAKE_PREFIX_PATH doesn't exist
[0.307s] WARNING:colcon.colcon_ros.prefix_path.catkin:The path '/home/student/my_uf_ws/src/my_ufactory_ROS2/my_uf_description/install/my_uf_description' in the environment variable CMAKE_PREFIX_PATH doesn't exist
[0.311s] DEBUG:colcon.colcon_installed_package_information.package_discovery:Found 7 installed packages in /home/student/my_uf_ws/install
[0.311s] DEBUG:colcon.colcon_installed_package_information.package_discovery:Found 5 installed packages in /home/student/my_depthai_ws/install
[0.312s] DEBUG:colcon.colcon_installed_package_information.package_discovery:Found 1 installed packages in /home/student/microROS_agent_ws/src/install
[0.312s] DEBUG:colcon.colcon_installed_package_information.package_discovery:Found 18 installed packages in /home/student/ros2_industrial_ws/install
[0.313s] DEBUG:colcon.colcon_installed_package_information.package_discovery:Found 12 installed packages in /home/student/xarm_ws/install
[0.315s] DEBUG:colcon.colcon_installed_package_information.package_discovery:Found 407 installed packages in /opt/ros/jazzy
[0.316s] Level 1:colcon.colcon_core.package_discovery:discover_packages(prefix_path) using defaults
[0.494s] Level 5:colcon.colcon_core.verb:set package 'my_moveit_python' build argument 'cmake_args' from command line to 'None'
[0.494s] Level 5:colcon.colcon_core.verb:set package 'my_moveit_python' build argument 'cmake_target' from command line to 'None'
[0.494s] Level 5:colcon.colcon_core.verb:set package 'my_moveit_python' build argument 'cmake_target_skip_unavailable' from command line to 'False'
[0.494s] Level 5:colcon.colcon_core.verb:set package 'my_moveit_python' build argument 'cmake_clean_cache' from command line to 'False'
[0.494s] Level 5:colcon.colcon_core.verb:set package 'my_moveit_python' build argument 'cmake_clean_first' from command line to 'False'
[0.494s] Level 5:colcon.colcon_core.verb:set package 'my_moveit_python' build argument 'cmake_force_configure' from command line to 'False'
[0.494s] Level 5:colcon.colcon_core.verb:set package 'my_moveit_python' build argument 'ament_cmake_args' from command line to 'None'
[0.495s] Level 5:colcon.colcon_core.verb:set package 'my_moveit_python' build argument 'catkin_cmake_args' from command line to 'None'
[0.495s] Level 5:colcon.colcon_core.verb:set package 'my_moveit_python' build argument 'catkin_skip_building_tests' from command line to 'False'
[0.495s] DEBUG:colcon.colcon_core.verb:Building package 'my_moveit_python' with the following arguments: {'ament_cmake_args': None, 'build_base': '/home/student/my_uf_ws/build/my_moveit_python', 'catkin_cmake_args': None, 'catkin_skip_building_tests': False, 'cmake_args': None, 'cmake_clean_cache': False, 'cmake_clean_first': False, 'cmake_force_configure': False, 'cmake_target': None, 'cmake_target_skip_unavailable': False, 'install_base': '/home/student/my_uf_ws/install/my_moveit_python', 'merge_install': False, 'path': '/home/student/my_uf_ws/src/my_moveit_python', 'symlink_install': True, 'test_result_base': None}
[0.495s] Level 5:colcon.colcon_core.verb:set package 'my_uf' build argument 'cmake_args' from command line to 'None'
[0.495s] Level 5:colcon.colcon_core.verb:set package 'my_uf' build argument 'cmake_target' from command line to 'None'
[0.495s] Level 5:colcon.colcon_core.verb:set package 'my_uf' build argument 'cmake_target_skip_unavailable' from command line to 'False'
[0.495s] Level 5:colcon.colcon_core.verb:set package 'my_uf' build argument 'cmake_clean_cache' from command line to 'False'
[0.495s] Level 5:colcon.colcon_core.verb:set package 'my_uf' build argument 'cmake_clean_first' from command line to 'False'
[0.495s] Level 5:colcon.colcon_core.verb:set package 'my_uf' build argument 'cmake_force_configure' from command line to 'False'
[0.495s] Level 5:colcon.colcon_core.verb:set package 'my_uf' build argument 'ament_cmake_args' from command line to 'None'
[0.495s] Level 5:colcon.colcon_core.verb:set package 'my_uf' build argument 'catkin_cmake_args' from command line to 'None'
[0.495s] Level 5:colcon.colcon_core.verb:set package 'my_uf' build argument 'catkin_skip_building_tests' from command line to 'False'
[0.495s] DEBUG:colcon.colcon_core.verb:Building package 'my_uf' with the following arguments: {'ament_cmake_args': None, 'build_base': '/home/student/my_uf_ws/build/my_uf', 'catkin_cmake_args': None, 'catkin_skip_building_tests': False, 'cmake_args': None, 'cmake_clean_cache': False, 'cmake_clean_first': False, 'cmake_force_configure': False, 'cmake_target': None, 'cmake_target_skip_unavailable': False, 'install_base': '/home/student/my_uf_ws/install/my_uf', 'merge_install': False, 'path': '/home/student/my_uf_ws/src/my_ufactory_ROS2/my_uf', 'symlink_install': True, 'test_result_base': None}
[0.495s] Level 5:colcon.colcon_core.verb:set package 'my_uf_bringup' build argument 'cmake_args' from command line to 'None'
[0.495s] Level 5:colcon.colcon_core.verb:set package 'my_uf_bringup' build argument 'cmake_target' from command line to 'None'
[0.495s] Level 5:colcon.colcon_core.verb:set package 'my_uf_bringup' build argument 'cmake_target_skip_unavailable' from command line to 'False'
[0.495s] Level 5:colcon.colcon_core.verb:set package 'my_uf_bringup' build argument 'cmake_clean_cache' from command line to 'False'
[0.495s] Level 5:colcon.colcon_core.verb:set package 'my_uf_bringup' build argument 'cmake_clean_first' from command line to 'False'
[0.495s] Level 5:colcon.colcon_core.verb:set package 'my_uf_bringup' build argument 'cmake_force_configure' from command line to 'False'
[0.495s] Level 5:colcon.colcon_core.verb:set package 'my_uf_bringup' build argument 'ament_cmake_args' from command line to 'None'
[0.495s] Level 5:colcon.colcon_core.verb:set package 'my_uf_bringup' build argument 'catkin_cmake_args' from command line to 'None'
[0.495s] Level 5:colcon.colcon_core.verb:set package 'my_uf_bringup' build argument 'catkin_skip_building_tests' from command line to 'False'
[0.496s] DEBUG:colcon.colcon_core.verb:Building package 'my_uf_bringup' with the following arguments: {'ament_cmake_args': None, 'build_base': '/home/student/my_uf_ws/build/my_uf_bringup', 'catkin_cmake_args': None, 'catkin_skip_building_tests': False, 'cmake_args': None, 'cmake_clean_cache': False, 'cmake_clean_first': False, 'cmake_force_configure': False, 'cmake_target': None, 'cmake_target_skip_unavailable': False, 'install_base': '/home/student/my_uf_ws/install/my_uf_bringup', 'merge_install': False, 'path': '/home/student/my_uf_ws/src/my_ufactory_ROS2/my_uf_bringup', 'symlink_install': True, 'test_result_base': None}
[0.496s] Level 5:colcon.colcon_core.verb:set package 'my_uf_demo' build argument 'cmake_args' from command line to 'None'
[0.496s] Level 5:colcon.colcon_core.verb:set package 'my_uf_demo' build argument 'cmake_target' from command line to 'None'
[0.496s] Level 5:colcon.colcon_core.verb:set package 'my_uf_demo' build argument 'cmake_target_skip_unavailable' from command line to 'False'
[0.496s] Level 5:colcon.colcon_core.verb:set package 'my_uf_demo' build argument 'cmake_clean_cache' from command line to 'False'
[0.496s] Level 5:colcon.colcon_core.verb:set package 'my_uf_demo' build argument 'cmake_clean_first' from command line to 'False'
[0.496s] Level 5:colcon.colcon_core.verb:set package 'my_uf_demo' build argument 'cmake_force_configure' from command line to 'False'
[0.496s] Level 5:colcon.colcon_core.verb:set package 'my_uf_demo' build argument 'ament_cmake_args' from command line to 'None'
[0.496s] Level 5:colcon.colcon_core.verb:set package 'my_uf_demo' build argument 'catkin_cmake_args' from command line to 'None'
[0.496s] Level 5:colcon.colcon_core.verb:set package 'my_uf_demo' build argument 'catkin_skip_building_tests' from command line to 'False'
[0.496s] DEBUG:colcon.colcon_core.verb:Building package 'my_uf_demo' with the following arguments: {'ament_cmake_args': None, 'build_base': '/home/student/my_uf_ws/build/my_uf_demo', 'catkin_cmake_args': None, 'catkin_skip_building_tests': False, 'cmake_args': None, 'cmake_clean_cache': False, 'cmake_clean_first': False, 'cmake_force_configure': False, 'cmake_target': None, 'cmake_target_skip_unavailable': False, 'install_base': '/home/student/my_uf_ws/install/my_uf_demo', 'merge_install': False, 'path': '/home/student/my_uf_ws/src/my_ufactory_ROS2/my_uf_demo', 'symlink_install': True, 'test_result_base': None}
[0.496s] Level 5:colcon.colcon_core.verb:set package 'my_uf_description' build argument 'cmake_args' from command line to 'None'
[0.496s] Level 5:colcon.colcon_core.verb:set package 'my_uf_description' build argument 'cmake_target' from command line to 'None'
[0.496s] Level 5:colcon.colcon_core.verb:set package 'my_uf_description' build argument 'cmake_target_skip_unavailable' from command line to 'False'
[0.496s] Level 5:colcon.colcon_core.verb:set package 'my_uf_description' build argument 'cmake_clean_cache' from command line to 'False'
[0.496s] Level 5:colcon.colcon_core.verb:set package 'my_uf_description' build argument 'cmake_clean_first' from command line to 'False'
[0.496s] Level 5:colcon.colcon_core.verb:set package 'my_uf_description' build argument 'cmake_force_configure' from command line to 'False'
[0.496s] Level 5:colcon.colcon_core.verb:set package 'my_uf_description' build argument 'ament_cmake_args' from command line to 'None'
[0.496s] Level 5:colcon.colcon_core.verb:set package 'my_uf_description' build argument 'catkin_cmake_args' from command line to 'None'
[0.496s] Level 5:colcon.colcon_core.verb:set package 'my_uf_description' build argument 'catkin_skip_building_tests' from command line to 'False'
[0.496s] DEBUG:colcon.colcon_core.verb:Building package 'my_uf_description' with the following arguments: {'ament_cmake_args': None, 'build_base': '/home/student/my_uf_ws/build/my_uf_description', 'catkin_cmake_args': None, 'catkin_skip_building_tests': False, 'cmake_args': None, 'cmake_clean_cache': False, 'cmake_clean_first': False, 'cmake_force_configure': False, 'cmake_target': None, 'cmake_target_skip_unavailable': False, 'install_base': '/home/student/my_uf_ws/install/my_uf_description', 'merge_install': False, 'path': '/home/student/my_uf_ws/src/my_ufactory_ROS2/my_uf_description', 'symlink_install': True, 'test_result_base': None}
[0.497s] Level 5:colcon.colcon_core.verb:set package 'pymoveit2' build argument 'cmake_args' from command line to 'None'
[0.497s] Level 5:colcon.colcon_core.verb:set package 'pymoveit2' build argument 'cmake_target' from command line to 'None'
[0.497s] Level 5:colcon.colcon_core.verb:set package 'pymoveit2' build argument 'cmake_target_skip_unavailable' from command line to 'False'
[0.497s] Level 5:colcon.colcon_core.verb:set package 'pymoveit2' build argument 'cmake_clean_cache' from command line to 'False'
[0.497s] Level 5:colcon.colcon_core.verb:set package 'pymoveit2' build argument 'cmake_clean_first' from command line to 'False'
[0.497s] Level 5:colcon.colcon_core.verb:set package 'pymoveit2' build argument 'cmake_force_configure' from command line to 'False'
[0.497s] Level 5:colcon.colcon_core.verb:set package 'pymoveit2' build argument 'ament_cmake_args' from command line to 'None'
[0.497s] Level 5:colcon.colcon_core.verb:set package 'pymoveit2' build argument 'catkin_cmake_args' from command line to 'None'
[0.497s] Level 5:colcon.colcon_core.verb:set package 'pymoveit2' build argument 'catkin_skip_building_tests' from command line to 'False'
[0.497s] DEBUG:colcon.colcon_core.verb:Building package 'pymoveit2' with the following arguments: {'ament_cmake_args': None, 'build_base': '/home/student/my_uf_ws/build/pymoveit2', 'catkin_cmake_args': None, 'catkin_skip_building_tests': False, 'cmake_args': None, 'cmake_clean_cache': False, 'cmake_clean_first': False, 'cmake_force_configure': False, 'cmake_target': None, 'cmake_target_skip_unavailable': False, 'install_base': '/home/student/my_uf_ws/install/pymoveit2', 'merge_install': False, 'path': '/home/student/my_uf_ws/src/pymoveit2', 'symlink_install': True, 'test_result_base': None}
[0.497s] Level 5:colcon.colcon_core.verb:set package 'my_uf_moveit_config' build argument 'cmake_args' from command line to 'None'
[0.497s] Level 5:colcon.colcon_core.verb:set package 'my_uf_moveit_config' build argument 'cmake_target' from command line to 'None'
[0.497s] Level 5:colcon.colcon_core.verb:set package 'my_uf_moveit_config' build argument 'cmake_target_skip_unavailable' from command line to 'False'
[0.497s] Level 5:colcon.colcon_core.verb:set package 'my_uf_moveit_config' build argument 'cmake_clean_cache' from command line to 'False'
[0.497s] Level 5:colcon.colcon_core.verb:set package 'my_uf_moveit_config' build argument 'cmake_clean_first' from command line to 'False'
[0.497s] Level 5:colcon.colcon_core.verb:set package 'my_uf_moveit_config' build argument 'cmake_force_configure' from command line to 'False'
[0.497s] Level 5:colcon.colcon_core.verb:set package 'my_uf_moveit_config' build argument 'ament_cmake_args' from command line to 'None'
[0.497s] Level 5:colcon.colcon_core.verb:set package 'my_uf_moveit_config' build argument 'catkin_cmake_args' from command line to 'None'
[0.497s] Level 5:colcon.colcon_core.verb:set package 'my_uf_moveit_config' build argument 'catkin_skip_building_tests' from command line to 'False'
[0.497s] DEBUG:colcon.colcon_core.verb:Building package 'my_uf_moveit_config' with the following arguments: {'ament_cmake_args': None, 'build_base': '/home/student/my_uf_ws/build/my_uf_moveit_config', 'catkin_cmake_args': None, 'catkin_skip_building_tests': False, 'cmake_args': None, 'cmake_clean_cache': False, 'cmake_clean_first': False, 'cmake_force_configure': False, 'cmake_target': None, 'cmake_target_skip_unavailable': False, 'install_base': '/home/student/my_uf_ws/install/my_uf_moveit_config', 'merge_install': False, 'path': '/home/student/my_uf_ws/src/my_ufactory_ROS2/my_uf_moveit_config', 'symlink_install': True, 'test_result_base': None}
[0.497s] INFO:colcon.colcon_core.executor:Executing jobs using 'parallel' executor
[0.498s] DEBUG:colcon.colcon_parallel_executor.executor.parallel:run_until_complete
[0.498s] INFO:colcon.colcon_ros.task.ament_python.build:Building ROS package in '/home/student/my_uf_ws/src/my_ufactory_ROS2/my_uf_description' with build type 'ament_python'
[0.499s] Level 1:colcon.colcon_core.shell:create_environment_hook('my_uf_description', 'ament_prefix_path')
[0.507s] INFO:colcon.colcon_core.plugin_system:Skipping extension 'colcon_core.shell.bat': Not used on non-Windows systems
[0.507s] INFO:colcon.colcon_core.shell:Creating environment hook '/home/student/my_uf_ws/install/my_uf_description/share/my_uf_description/hook/ament_prefix_path.ps1'
[0.510s] INFO:colcon.colcon_core.shell:Creating environment descriptor '/home/student/my_uf_ws/install/my_uf_description/share/my_uf_description/hook/ament_prefix_path.dsv'
[0.511s] INFO:colcon.colcon_core.shell:Creating environment hook '/home/student/my_uf_ws/install/my_uf_description/share/my_uf_description/hook/ament_prefix_path.sh'
[0.512s] INFO:colcon.colcon_core.shell:Skip shell extension 'powershell' for command environment: Not usable outside of PowerShell
[0.512s] DEBUG:colcon.colcon_core.shell:Skip shell extension 'dsv' for command environment
[0.523s] INFO:colcon.colcon_ros.task.ament_cmake.build:Building ROS package in '/home/student/my_uf_ws/src/my_moveit_python' with build type 'ament_cmake'
[0.523s] INFO:colcon.colcon_cmake.task.cmake.build:Building CMake package in '/home/student/my_uf_ws/src/my_moveit_python'
[0.523s] INFO:colcon.colcon_core.shell:Skip shell extension 'powershell' for command environment: Not usable outside of PowerShell
[0.523s] DEBUG:colcon.colcon_core.shell:Skip shell extension 'dsv' for command environment
[0.538s] INFO:colcon.colcon_ros.task.ament_cmake.build:Building ROS package in '/home/student/my_uf_ws/src/my_ufactory_ROS2/my_uf' with build type 'ament_cmake'
[0.539s] INFO:colcon.colcon_cmake.task.cmake.build:Building CMake package in '/home/student/my_uf_ws/src/my_ufactory_ROS2/my_uf'
[0.539s] INFO:colcon.colcon_core.shell:Skip shell extension 'powershell' for command environment: Not usable outside of PowerShell
[0.539s] DEBUG:colcon.colcon_core.shell:Skip shell extension 'dsv' for command environment
[0.558s] INFO:colcon.colcon_ros.task.ament_python.build:Building ROS package in '/home/student/my_uf_ws/src/my_ufactory_ROS2/my_uf_bringup' with build type 'ament_python'
[0.558s] Level 1:colcon.colcon_core.shell:create_environment_hook('my_uf_bringup', 'ament_prefix_path')
[0.558s] INFO:colcon.colcon_core.shell:Creating environment hook '/home/student/my_uf_ws/install/my_uf_bringup/share/my_uf_bringup/hook/ament_prefix_path.ps1'
[0.559s] INFO:colcon.colcon_core.shell:Creating environment descriptor '/home/student/my_uf_ws/install/my_uf_bringup/share/my_uf_bringup/hook/ament_prefix_path.dsv'
[0.560s] INFO:colcon.colcon_core.shell:Creating environment hook '/home/student/my_uf_ws/install/my_uf_bringup/share/my_uf_bringup/hook/ament_prefix_path.sh'
[0.560s] INFO:colcon.colcon_core.shell:Skip shell extension 'powershell' for command environment: Not usable outside of PowerShell
[0.560s] DEBUG:colcon.colcon_core.shell:Skip shell extension 'dsv' for command environment
[0.864s] INFO:colcon.colcon_core.task.python.build:Building Python package in '/home/student/my_uf_ws/src/my_ufactory_ROS2/my_uf_description'
[0.864s] INFO:colcon.colcon_core.shell:Skip shell extension 'powershell' for command environment: Not usable outside of PowerShell
[0.864s] DEBUG:colcon.colcon_core.shell:Skip shell extension 'dsv' for command environment
[0.876s] DEBUG:colcon.colcon_core.event_handler.log_command:Invoking command in '/home/student/my_uf_ws/build/my_moveit_python': CMAKE_PREFIX_PATH=${CMAKE_PREFIX_PATH}:/home/student/xarm_ws/install/uf_ros_lib:/home/student/my_depthai_ws/install/my_depthai_pose_estimation:/home/student/my_depthai_ws/install/my_depthai_python:/home/student/my_depthai_ws/install/my_depthai_object_tracking:/home/student/my_uf_ws/install/uf_ros_lib:/home/student/my_uf_ws/install/my_uf_demo:/home/student/my_uf_ws/install/my_uf_bringup:/home/student/ros2_industrial_ws/install/urdf_basics:/home/student/ros2_industrial_ws/install/transferframes:/home/student/ros2_industrial_ws/install/template_package_python:/home/student/ros2_industrial_ws/install/ros_industrial_utilities:/home/student/ros2_industrial_ws/install/ros_industrial_support:/home/student/ros2_industrial_ws/install/range_sensor:/home/student/ros2_industrial_ws/install/node_demo:/home/student/ros2_industrial_ws/install/manipulation:/home/student/ros2_industrial_ws/install/fanuc_robots:/opt/ros/jazzy DEBUGINFOD_URLS=https://debuginfod.ubuntu.com /usr/bin/cmake --build /home/student/my_uf_ws/build/my_moveit_python -- -j4 -l4
[0.884s] DEBUG:colcon.colcon_core.event_handler.log_command:Invoking command in '/home/student/my_uf_ws/build/my_uf': CMAKE_PREFIX_PATH=${CMAKE_PREFIX_PATH}:/home/student/xarm_ws/install/uf_ros_lib:/home/student/my_depthai_ws/install/my_depthai_pose_estimation:/home/student/my_depthai_ws/install/my_depthai_python:/home/student/my_depthai_ws/install/my_depthai_object_tracking:/home/student/my_uf_ws/install/uf_ros_lib:/home/student/my_uf_ws/install/my_uf_demo:/home/student/my_uf_ws/install/my_uf_bringup:/home/student/ros2_industrial_ws/install/urdf_basics:/home/student/ros2_industrial_ws/install/transferframes:/home/student/ros2_industrial_ws/install/template_package_python:/home/student/ros2_industrial_ws/install/ros_industrial_utilities:/home/student/ros2_industrial_ws/install/ros_industrial_support:/home/student/ros2_industrial_ws/install/range_sensor:/home/student/ros2_industrial_ws/install/node_demo:/home/student/ros2_industrial_ws/install/manipulation:/home/student/ros2_industrial_ws/install/fanuc_robots:/opt/ros/jazzy DEBUGINFOD_URLS=https://debuginfod.ubuntu.com /usr/bin/cmake --build /home/student/my_uf_ws/build/my_uf -- -j4 -l4
[1.213s] INFO:colcon.colcon_core.task.python.build:Building Python package in '/home/student/my_uf_ws/src/my_ufactory_ROS2/my_uf_bringup'
[1.213s] INFO:colcon.colcon_core.shell:Skip shell extension 'powershell' for command environment: Not usable outside of PowerShell
[1.213s] DEBUG:colcon.colcon_core.shell:Skip shell extension 'dsv' for command environment
[1.242s] DEBUG:colcon.colcon_core.event_handler.log_command:Invoked command in '/home/student/my_uf_ws/build/my_uf' returned '0': CMAKE_PREFIX_PATH=${CMAKE_PREFIX_PATH}:/home/student/xarm_ws/install/uf_ros_lib:/home/student/my_depthai_ws/install/my_depthai_pose_estimation:/home/student/my_depthai_ws/install/my_depthai_python:/home/student/my_depthai_ws/install/my_depthai_object_tracking:/home/student/my_uf_ws/install/uf_ros_lib:/home/student/my_uf_ws/install/my_uf_demo:/home/student/my_uf_ws/install/my_uf_bringup:/home/student/ros2_industrial_ws/install/urdf_basics:/home/student/ros2_industrial_ws/install/transferframes:/home/student/ros2_industrial_ws/install/template_package_python:/home/student/ros2_industrial_ws/install/ros_industrial_utilities:/home/student/ros2_industrial_ws/install/ros_industrial_support:/home/student/ros2_industrial_ws/install/range_sensor:/home/student/ros2_industrial_ws/install/node_demo:/home/student/ros2_industrial_ws/install/manipulation:/home/student/ros2_industrial_ws/install/fanuc_robots:/opt/ros/jazzy DEBUGINFOD_URLS=https://debuginfod.ubuntu.com /usr/bin/cmake --build /home/student/my_uf_ws/build/my_uf -- -j4 -l4
[1.270s] DEBUG:colcon.colcon_core.event_handler.log_command:Invoking command in '/home/student/my_uf_ws/build/my_uf': CMAKE_PREFIX_PATH=${CMAKE_PREFIX_PATH}:/home/student/xarm_ws/install/uf_ros_lib:/home/student/my_depthai_ws/install/my_depthai_pose_estimation:/home/student/my_depthai_ws/install/my_depthai_python:/home/student/my_depthai_ws/install/my_depthai_object_tracking:/home/student/my_uf_ws/install/uf_ros_lib:/home/student/my_uf_ws/install/my_uf_demo:/home/student/my_uf_ws/install/my_uf_bringup:/home/student/ros2_industrial_ws/install/urdf_basics:/home/student/ros2_industrial_ws/install/transferframes:/home/student/ros2_industrial_ws/install/template_package_python:/home/student/ros2_industrial_ws/install/ros_industrial_utilities:/home/student/ros2_industrial_ws/install/ros_industrial_support:/home/student/ros2_industrial_ws/install/range_sensor:/home/student/ros2_industrial_ws/install/node_demo:/home/student/ros2_industrial_ws/install/manipulation:/home/student/ros2_industrial_ws/install/fanuc_robots:/opt/ros/jazzy DEBUGINFOD_URLS=https://debuginfod.ubuntu.com /usr/bin/cmake --install /home/student/my_uf_ws/build/my_uf
[1.312s] Level 1:colcon.colcon_core.environment:create_environment_scripts_only(my_uf)
[1.314s] DEBUG:colcon.colcon_core.event_handler.log_command:Invoked command in '/home/student/my_uf_ws/build/my_uf' returned '0': CMAKE_PREFIX_PATH=${CMAKE_PREFIX_PATH}:/home/student/xarm_ws/install/uf_ros_lib:/home/student/my_depthai_ws/install/my_depthai_pose_estimation:/home/student/my_depthai_ws/install/my_depthai_python:/home/student/my_depthai_ws/install/my_depthai_object_tracking:/home/student/my_uf_ws/install/uf_ros_lib:/home/student/my_uf_ws/install/my_uf_demo:/home/student/my_uf_ws/install/my_uf_bringup:/home/student/ros2_industrial_ws/install/urdf_basics:/home/student/ros2_industrial_ws/install/transferframes:/home/student/ros2_industrial_ws/install/template_package_python:/home/student/ros2_industrial_ws/install/ros_industrial_utilities:/home/student/ros2_industrial_ws/install/ros_industrial_support:/home/student/ros2_industrial_ws/install/range_sensor:/home/student/ros2_industrial_ws/install/node_demo:/home/student/ros2_industrial_ws/install/manipulation:/home/student/ros2_industrial_ws/install/fanuc_robots:/opt/ros/jazzy DEBUGINFOD_URLS=https://debuginfod.ubuntu.com /usr/bin/cmake --install /home/student/my_uf_ws/build/my_uf
[1.318s] Level 1:colcon.colcon_core.environment:checking '/home/student/my_uf_ws/install/my_uf' for CMake module files
[1.319s] Level 1:colcon.colcon_core.environment:checking '/home/student/my_uf_ws/install/my_uf' for CMake config files
[1.319s] Level 1:colcon.colcon_core.shell:create_environment_hook('my_uf', 'cmake_prefix_path')
[1.319s] INFO:colcon.colcon_core.shell:Creating environment hook '/home/student/my_uf_ws/install/my_uf/share/my_uf/hook/cmake_prefix_path.ps1'
[1.320s] INFO:colcon.colcon_core.shell:Creating environment descriptor '/home/student/my_uf_ws/install/my_uf/share/my_uf/hook/cmake_prefix_path.dsv'
[1.321s] INFO:colcon.colcon_core.shell:Creating environment hook '/home/student/my_uf_ws/install/my_uf/share/my_uf/hook/cmake_prefix_path.sh'
[1.321s] Level 1:colcon.colcon_core.environment:checking '/home/student/my_uf_ws/install/my_uf/bin'
[1.321s] Level 1:colcon.colcon_core.environment:checking '/home/student/my_uf_ws/install/my_uf/lib/pkgconfig/my_uf.pc'
[1.322s] Level 1:colcon.colcon_core.environment:checking '/home/student/my_uf_ws/install/my_uf/lib/python3.12/site-packages'
[1.322s] Level 1:colcon.colcon_core.environment:checking '/home/student/my_uf_ws/install/my_uf/bin'
[1.323s] INFO:colcon.colcon_core.shell:Creating package script '/home/student/my_uf_ws/install/my_uf/share/my_uf/package.ps1'
[1.324s] INFO:colcon.colcon_core.shell:Creating package descriptor '/home/student/my_uf_ws/install/my_uf/share/my_uf/package.dsv'
[1.325s] INFO:colcon.colcon_core.shell:Creating package script '/home/student/my_uf_ws/install/my_uf/share/my_uf/package.sh'
[1.325s] INFO:colcon.colcon_core.shell:Creating package script '/home/student/my_uf_ws/install/my_uf/share/my_uf/package.bash'
[1.326s] INFO:colcon.colcon_core.shell:Creating package script '/home/student/my_uf_ws/install/my_uf/share/my_uf/package.zsh'
[1.343s] Level 1:colcon.colcon_core.environment:create_file_with_runtime_dependencies(/home/student/my_uf_ws/install/my_uf/share/colcon-core/packages/my_uf)
[1.344s] Level 1:colcon.colcon_core.environment:create_environment_scripts_only(my_uf)
[1.344s] Level 1:colcon.colcon_core.environment:checking '/home/student/my_uf_ws/install/my_uf' for CMake module files
[1.345s] Level 1:colcon.colcon_core.environment:checking '/home/student/my_uf_ws/install/my_uf' for CMake config files
[1.346s] Level 1:colcon.colcon_core.shell:create_environment_hook('my_uf', 'cmake_prefix_path')
[1.346s] INFO:colcon.colcon_core.shell:Creating environment hook '/home/student/my_uf_ws/install/my_uf/share/my_uf/hook/cmake_prefix_path.ps1'
[1.347s] INFO:colcon.colcon_core.shell:Creating environment descriptor '/home/student/my_uf_ws/install/my_uf/share/my_uf/hook/cmake_prefix_path.dsv'
[1.347s] INFO:colcon.colcon_core.shell:Creating environment hook '/home/student/my_uf_ws/install/my_uf/share/my_uf/hook/cmake_prefix_path.sh'
[1.348s] Level 1:colcon.colcon_core.environment:checking '/home/student/my_uf_ws/install/my_uf/bin'
[1.348s] Level 1:colcon.colcon_core.environment:checking '/home/student/my_uf_ws/install/my_uf/lib/pkgconfig/my_uf.pc'
[1.349s] Level 1:colcon.colcon_core.environment:checking '/home/student/my_uf_ws/install/my_uf/lib/python3.12/site-packages'
[1.349s] Level 1:colcon.colcon_core.environment:checking '/home/student/my_uf_ws/install/my_uf/bin'
[1.349s] INFO:colcon.colcon_core.shell:Creating package script '/home/student/my_uf_ws/install/my_uf/share/my_uf/package.ps1'
[1.350s] INFO:colcon.colcon_core.shell:Creating package descriptor '/home/student/my_uf_ws/install/my_uf/share/my_uf/package.dsv'
[1.351s] INFO:colcon.colcon_core.shell:Creating package script '/home/student/my_uf_ws/install/my_uf/share/my_uf/package.sh'
[1.352s] INFO:colcon.colcon_core.shell:Creating package script '/home/student/my_uf_ws/install/my_uf/share/my_uf/package.bash'
[1.352s] INFO:colcon.colcon_core.shell:Creating package script '/home/student/my_uf_ws/install/my_uf/share/my_uf/package.zsh'
[1.353s] Level 1:colcon.colcon_core.environment:create_file_with_runtime_dependencies(/home/student/my_uf_ws/install/my_uf/share/colcon-core/packages/my_uf)
[1.354s] INFO:colcon.colcon_ros.task.ament_python.build:Building ROS package in '/home/student/my_uf_ws/src/my_ufactory_ROS2/my_uf_demo' with build type 'ament_python'
[1.354s] Level 1:colcon.colcon_core.shell:create_environment_hook('my_uf_demo', 'ament_prefix_path')
[1.354s] INFO:colcon.colcon_core.shell:Creating environment hook '/home/student/my_uf_ws/install/my_uf_demo/share/my_uf_demo/hook/ament_prefix_path.ps1'
[1.355s] INFO:colcon.colcon_core.shell:Creating environment descriptor '/home/student/my_uf_ws/install/my_uf_demo/share/my_uf_demo/hook/ament_prefix_path.dsv'
[1.356s] INFO:colcon.colcon_core.shell:Creating environment hook '/home/student/my_uf_ws/install/my_uf_demo/share/my_uf_demo/hook/ament_prefix_path.sh'
[1.358s] INFO:colcon.colcon_core.shell:Skip shell extension 'powershell' for command environment: Not usable outside of PowerShell
[1.358s] DEBUG:colcon.colcon_core.shell:Skip shell extension 'dsv' for command environment
[1.803s] INFO:colcon.colcon_core.task.python.build:Building Python package in '/home/student/my_uf_ws/src/my_ufactory_ROS2/my_uf_demo'
[1.804s] INFO:colcon.colcon_core.shell:Skip shell extension 'powershell' for command environment: Not usable outside of PowerShell
[1.804s] DEBUG:colcon.colcon_core.shell:Skip shell extension 'dsv' for command environment
[1.824s] DEBUG:colcon.colcon_core.event_handler.log_command:Invoked command in '/home/student/my_uf_ws/build/my_moveit_python' returned '0': CMAKE_PREFIX_PATH=${CMAKE_PREFIX_PATH}:/home/student/xarm_ws/install/uf_ros_lib:/home/student/my_depthai_ws/install/my_depthai_pose_estimation:/home/student/my_depthai_ws/install/my_depthai_python:/home/student/my_depthai_ws/install/my_depthai_object_tracking:/home/student/my_uf_ws/install/uf_ros_lib:/home/student/my_uf_ws/install/my_uf_demo:/home/student/my_uf_ws/install/my_uf_bringup:/home/student/ros2_industrial_ws/install/urdf_basics:/home/student/ros2_industrial_ws/install/transferframes:/home/student/ros2_industrial_ws/install/template_package_python:/home/student/ros2_industrial_ws/install/ros_industrial_utilities:/home/student/ros2_industrial_ws/install/ros_industrial_support:/home/student/ros2_industrial_ws/install/range_sensor:/home/student/ros2_industrial_ws/install/node_demo:/home/student/ros2_industrial_ws/install/manipulation:/home/student/ros2_industrial_ws/install/fanuc_robots:/opt/ros/jazzy DEBUGINFOD_URLS=https://debuginfod.ubuntu.com /usr/bin/cmake --build /home/student/my_uf_ws/build/my_moveit_python -- -j4 -l4
[1.827s] DEBUG:colcon.colcon_core.event_handler.log_command:Invoking command in '/home/student/my_uf_ws/build/my_moveit_python': CMAKE_PREFIX_PATH=${CMAKE_PREFIX_PATH}:/home/student/xarm_ws/install/uf_ros_lib:/home/student/my_depthai_ws/install/my_depthai_pose_estimation:/home/student/my_depthai_ws/install/my_depthai_python:/home/student/my_depthai_ws/install/my_depthai_object_tracking:/home/student/my_uf_ws/install/uf_ros_lib:/home/student/my_uf_ws/install/my_uf_demo:/home/student/my_uf_ws/install/my_uf_bringup:/home/student/ros2_industrial_ws/install/urdf_basics:/home/student/ros2_industrial_ws/install/transferframes:/home/student/ros2_industrial_ws/install/template_package_python:/home/student/ros2_industrial_ws/install/ros_industrial_utilities:/home/student/ros2_industrial_ws/install/ros_industrial_support:/home/student/ros2_industrial_ws/install/range_sensor:/home/student/ros2_industrial_ws/install/node_demo:/home/student/ros2_industrial_ws/install/manipulation:/home/student/ros2_industrial_ws/install/fanuc_robots:/opt/ros/jazzy DEBUGINFOD_URLS=https://debuginfod.ubuntu.com /usr/bin/cmake --install /home/student/my_uf_ws/build/my_moveit_python
[2.001s] Level 1:colcon.colcon_core.environment:create_environment_scripts_only(my_moveit_python)
[2.002s] Level 1:colcon.colcon_core.environment:checking '/home/student/my_uf_ws/install/my_moveit_python' for CMake module files
[2.003s] Level 1:colcon.colcon_core.environment:checking '/home/student/my_uf_ws/install/my_moveit_python' for CMake config files
[2.004s] DEBUG:colcon.colcon_core.event_handler.log_command:Invoked command in '/home/student/my_uf_ws/build/my_moveit_python' returned '0': CMAKE_PREFIX_PATH=${CMAKE_PREFIX_PATH}:/home/student/xarm_ws/install/uf_ros_lib:/home/student/my_depthai_ws/install/my_depthai_pose_estimation:/home/student/my_depthai_ws/install/my_depthai_python:/home/student/my_depthai_ws/install/my_depthai_object_tracking:/home/student/my_uf_ws/install/uf_ros_lib:/home/student/my_uf_ws/install/my_uf_demo:/home/student/my_uf_ws/install/my_uf_bringup:/home/student/ros2_industrial_ws/install/urdf_basics:/home/student/ros2_industrial_ws/install/transferframes:/home/student/ros2_industrial_ws/install/template_package_python:/home/student/ros2_industrial_ws/install/ros_industrial_utilities:/home/student/ros2_industrial_ws/install/ros_industrial_support:/home/student/ros2_industrial_ws/install/range_sensor:/home/student/ros2_industrial_ws/install/node_demo:/home/student/ros2_industrial_ws/install/manipulation:/home/student/ros2_industrial_ws/install/fanuc_robots:/opt/ros/jazzy DEBUGINFOD_URLS=https://debuginfod.ubuntu.com /usr/bin/cmake --install /home/student/my_uf_ws/build/my_moveit_python
[2.004s] Level 1:colcon.colcon_core.shell:create_environment_hook('my_moveit_python', 'cmake_prefix_path')
[2.004s] INFO:colcon.colcon_core.shell:Creating environment hook '/home/student/my_uf_ws/install/my_moveit_python/share/my_moveit_python/hook/cmake_prefix_path.ps1'
[2.006s] INFO:colcon.colcon_core.shell:Creating environment descriptor '/home/student/my_uf_ws/install/my_moveit_python/share/my_moveit_python/hook/cmake_prefix_path.dsv'
[2.007s] INFO:colcon.colcon_core.shell:Creating environment hook '/home/student/my_uf_ws/install/my_moveit_python/share/my_moveit_python/hook/cmake_prefix_path.sh'
[2.008s] Level 1:colcon.colcon_core.environment:checking '/home/student/my_uf_ws/install/my_moveit_python/lib'
[2.009s] Level 1:colcon.colcon_core.environment:checking '/home/student/my_uf_ws/install/my_moveit_python/bin'
[2.009s] Level 1:colcon.colcon_core.environment:checking '/home/student/my_uf_ws/install/my_moveit_python/lib/pkgconfig/my_moveit_python.pc'
[2.009s] Level 1:colcon.colcon_core.environment:checking '/home/student/my_uf_ws/install/my_moveit_python/lib/python3.12/site-packages'
[2.009s] Level 1:colcon.colcon_core.shell:create_environment_hook('my_moveit_python', 'pythonpath')
[2.010s] INFO:colcon.colcon_core.shell:Creating environment hook '/home/student/my_uf_ws/install/my_moveit_python/share/my_moveit_python/hook/pythonpath.ps1'
[2.014s] INFO:colcon.colcon_core.shell:Creating environment descriptor '/home/student/my_uf_ws/install/my_moveit_python/share/my_moveit_python/hook/pythonpath.dsv'
[2.015s] INFO:colcon.colcon_core.shell:Creating environment hook '/home/student/my_uf_ws/install/my_moveit_python/share/my_moveit_python/hook/pythonpath.sh'
[2.019s] Level 1:colcon.colcon_core.environment:checking '/home/student/my_uf_ws/install/my_moveit_python/bin'
[2.020s] INFO:colcon.colcon_core.shell:Creating package script '/home/student/my_uf_ws/install/my_moveit_python/share/my_moveit_python/package.ps1'
[2.024s] INFO:colcon.colcon_core.shell:Creating package descriptor '/home/student/my_uf_ws/install/my_moveit_python/share/my_moveit_python/package.dsv'
[2.028s] INFO:colcon.colcon_core.shell:Creating package script '/home/student/my_uf_ws/install/my_moveit_python/share/my_moveit_python/package.sh'
[2.030s] INFO:colcon.colcon_core.shell:Creating package script '/home/student/my_uf_ws/install/my_moveit_python/share/my_moveit_python/package.bash'
[2.033s] INFO:colcon.colcon_core.shell:Creating package script '/home/student/my_uf_ws/install/my_moveit_python/share/my_moveit_python/package.zsh'
[2.033s] Level 1:colcon.colcon_core.environment:create_file_with_runtime_dependencies(/home/student/my_uf_ws/install/my_moveit_python/share/colcon-core/packages/my_moveit_python)
[2.035s] Level 1:colcon.colcon_core.environment:create_environment_scripts_only(my_moveit_python)
[2.036s] Level 1:colcon.colcon_core.environment:checking '/home/student/my_uf_ws/install/my_moveit_python' for CMake module files
[2.037s] Level 1:colcon.colcon_core.environment:checking '/home/student/my_uf_ws/install/my_moveit_python' for CMake config files
[2.038s] Level 1:colcon.colcon_core.shell:create_environment_hook('my_moveit_python', 'cmake_prefix_path')
[2.038s] INFO:colcon.colcon_core.shell:Creating environment hook '/home/student/my_uf_ws/install/my_moveit_python/share/my_moveit_python/hook/cmake_prefix_path.ps1'
[2.039s] INFO:colcon.colcon_core.shell:Creating environment descriptor '/home/student/my_uf_ws/install/my_moveit_python/share/my_moveit_python/hook/cmake_prefix_path.dsv'
[2.040s] INFO:colcon.colcon_core.shell:Creating environment hook '/home/student/my_uf_ws/install/my_moveit_python/share/my_moveit_python/hook/cmake_prefix_path.sh'
[2.041s] Level 1:colcon.colcon_core.environment:checking '/home/student/my_uf_ws/install/my_moveit_python/lib'
[2.041s] Level 1:colcon.colcon_core.environment:checking '/home/student/my_uf_ws/install/my_moveit_python/bin'
[2.042s] Level 1:colcon.colcon_core.environment:checking '/home/student/my_uf_ws/install/my_moveit_python/lib/pkgconfig/my_moveit_python.pc'
[2.042s] Level 1:colcon.colcon_core.environment:checking '/home/student/my_uf_ws/install/my_moveit_python/lib/python3.12/site-packages'
[2.042s] Level 1:colcon.colcon_core.shell:create_environment_hook('my_moveit_python', 'pythonpath')
[2.043s] INFO:colcon.colcon_core.shell:Creating environment hook '/home/student/my_uf_ws/install/my_moveit_python/share/my_moveit_python/hook/pythonpath.ps1'
[2.044s] INFO:colcon.colcon_core.shell:Creating environment descriptor '/home/student/my_uf_ws/install/my_moveit_python/share/my_moveit_python/hook/pythonpath.dsv'
[2.045s] INFO:colcon.colcon_core.shell:Creating environment hook '/home/student/my_uf_ws/install/my_moveit_python/share/my_moveit_python/hook/pythonpath.sh'
[2.046s] Level 1:colcon.colcon_core.environment:checking '/home/student/my_uf_ws/install/my_moveit_python/bin'
[2.047s] INFO:colcon.colcon_core.shell:Creating package script '/home/student/my_uf_ws/install/my_moveit_python/share/my_moveit_python/package.ps1'
[2.048s] INFO:colcon.colcon_core.shell:Creating package descriptor '/home/student/my_uf_ws/install/my_moveit_python/share/my_moveit_python/package.dsv'
[2.049s] INFO:colcon.colcon_core.shell:Creating package script '/home/student/my_uf_ws/install/my_moveit_python/share/my_moveit_python/package.sh'
[2.051s] INFO:colcon.colcon_core.shell:Creating package script '/home/student/my_uf_ws/install/my_moveit_python/share/my_moveit_python/package.bash'
[2.052s] INFO:colcon.colcon_core.shell:Creating package script '/home/student/my_uf_ws/install/my_moveit_python/share/my_moveit_python/package.zsh'
[2.053s] Level 1:colcon.colcon_core.environment:create_file_with_runtime_dependencies(/home/student/my_uf_ws/install/my_moveit_python/share/colcon-core/packages/my_moveit_python)
[2.054s] INFO:colcon.colcon_ros.task.ament_cmake.build:Building ROS package in '/home/student/my_uf_ws/src/pymoveit2' with build type 'ament_cmake'
[2.054s] INFO:colcon.colcon_cmake.task.cmake.build:Building CMake package in '/home/student/my_uf_ws/src/pymoveit2'
[2.054s] INFO:colcon.colcon_core.shell:Skip shell extension 'powershell' for command environment: Not usable outside of PowerShell
[2.055s] DEBUG:colcon.colcon_core.shell:Skip shell extension 'dsv' for command environment
[2.099s] DEBUG:colcon.colcon_core.event_handler.log_command:Invoking command in '/home/student/my_uf_ws/build/pymoveit2': CMAKE_PREFIX_PATH=${CMAKE_PREFIX_PATH}:/home/student/xarm_ws/install/uf_ros_lib:/home/student/my_depthai_ws/install/my_depthai_pose_estimation:/home/student/my_depthai_ws/install/my_depthai_python:/home/student/my_depthai_ws/install/my_depthai_object_tracking:/home/student/my_uf_ws/install/uf_ros_lib:/home/student/my_uf_ws/install/my_uf_demo:/home/student/my_uf_ws/install/my_uf_bringup:/home/student/ros2_industrial_ws/install/urdf_basics:/home/student/ros2_industrial_ws/install/transferframes:/home/student/ros2_industrial_ws/install/template_package_python:/home/student/ros2_industrial_ws/install/ros_industrial_utilities:/home/student/ros2_industrial_ws/install/ros_industrial_support:/home/student/ros2_industrial_ws/install/range_sensor:/home/student/ros2_industrial_ws/install/node_demo:/home/student/ros2_industrial_ws/install/manipulation:/home/student/ros2_industrial_ws/install/fanuc_robots:/opt/ros/jazzy DEBUGINFOD_URLS=https://debuginfod.ubuntu.com /usr/bin/cmake --build /home/student/my_uf_ws/build/pymoveit2 -- -j4 -l4
[2.639s] DEBUG:colcon.colcon_core.event_handler.log_command:Invoking command in '/home/student/my_uf_ws/build/my_uf_description': DEBUGINFOD_URLS=https://debuginfod.ubuntu.com PYTHONPATH=/home/student/my_uf_ws/build/my_uf_description/prefix_override:/usr/lib/python3/dist-packages/colcon_core/task/python/colcon_distutils_commands:/home/student/my_uf_ws/install/my_uf_description/lib/python3.12/site-packages:${PYTHONPATH} /usr/bin/python3 -W ignore:setup.py install is deprecated -W ignore:easy_install command is deprecated setup.py develop --editable --build-directory /home/student/my_uf_ws/build/my_uf_description/build --no-deps symlink_data
[2.651s] DEBUG:colcon.colcon_core.event_handler.log_command:Invoking command in '/home/student/my_uf_ws/build/my_uf_bringup': DEBUGINFOD_URLS=https://debuginfod.ubuntu.com PYTHONPATH=/home/student/my_uf_ws/build/my_uf_bringup/prefix_override:/usr/lib/python3/dist-packages/colcon_core/task/python/colcon_distutils_commands:/home/student/my_uf_ws/install/my_uf_bringup/lib/python3.12/site-packages:${PYTHONPATH} /usr/bin/python3 -W ignore:setup.py install is deprecated -W ignore:easy_install command is deprecated setup.py develop --editable --build-directory /home/student/my_uf_ws/build/my_uf_bringup/build --no-deps symlink_data
[3.089s] DEBUG:colcon.colcon_core.event_handler.log_command:Invoked command in '/home/student/my_uf_ws/build/pymoveit2' returned '0': CMAKE_PREFIX_PATH=${CMAKE_PREFIX_PATH}:/home/student/xarm_ws/install/uf_ros_lib:/home/student/my_depthai_ws/install/my_depthai_pose_estimation:/home/student/my_depthai_ws/install/my_depthai_python:/home/student/my_depthai_ws/install/my_depthai_object_tracking:/home/student/my_uf_ws/install/uf_ros_lib:/home/student/my_uf_ws/install/my_uf_demo:/home/student/my_uf_ws/install/my_uf_bringup:/home/student/ros2_industrial_ws/install/urdf_basics:/home/student/ros2_industrial_ws/install/transferframes:/home/student/ros2_industrial_ws/install/template_package_python:/home/student/ros2_industrial_ws/install/ros_industrial_utilities:/home/student/ros2_industrial_ws/install/ros_industrial_support:/home/student/ros2_industrial_ws/install/range_sensor:/home/student/ros2_industrial_ws/install/node_demo:/home/student/ros2_industrial_ws/install/manipulation:/home/student/ros2_industrial_ws/install/fanuc_robots:/opt/ros/jazzy DEBUGINFOD_URLS=https://debuginfod.ubuntu.com /usr/bin/cmake --build /home/student/my_uf_ws/build/pymoveit2 -- -j4 -l4
[3.092s] DEBUG:colcon.colcon_core.event_handler.log_command:Invoking command in '/home/student/my_uf_ws/build/pymoveit2': CMAKE_PREFIX_PATH=${CMAKE_PREFIX_PATH}:/home/student/xarm_ws/install/uf_ros_lib:/home/student/my_depthai_ws/install/my_depthai_pose_estimation:/home/student/my_depthai_ws/install/my_depthai_python:/home/student/my_depthai_ws/install/my_depthai_object_tracking:/home/student/my_uf_ws/install/uf_ros_lib:/home/student/my_uf_ws/install/my_uf_demo:/home/student/my_uf_ws/install/my_uf_bringup:/home/student/ros2_industrial_ws/install/urdf_basics:/home/student/ros2_industrial_ws/install/transferframes:/home/student/ros2_industrial_ws/install/template_package_python:/home/student/ros2_industrial_ws/install/ros_industrial_utilities:/home/student/ros2_industrial_ws/install/ros_industrial_support:/home/student/ros2_industrial_ws/install/range_sensor:/home/student/ros2_industrial_ws/install/node_demo:/home/student/ros2_industrial_ws/install/manipulation:/home/student/ros2_industrial_ws/install/fanuc_robots:/opt/ros/jazzy DEBUGINFOD_URLS=https://debuginfod.ubuntu.com /usr/bin/cmake --install /home/student/my_uf_ws/build/pymoveit2
[3.231s] Level 1:colcon.colcon_core.environment:create_environment_scripts_only(pymoveit2)
[3.231s] DEBUG:colcon.colcon_core.event_handler.log_command:Invoked command in '/home/student/my_uf_ws/build/pymoveit2' returned '0': CMAKE_PREFIX_PATH=${CMAKE_PREFIX_PATH}:/home/student/xarm_ws/install/uf_ros_lib:/home/student/my_depthai_ws/install/my_depthai_pose_estimation:/home/student/my_depthai_ws/install/my_depthai_python:/home/student/my_depthai_ws/install/my_depthai_object_tracking:/home/student/my_uf_ws/install/uf_ros_lib:/home/student/my_uf_ws/install/my_uf_demo:/home/student/my_uf_ws/install/my_uf_bringup:/home/student/ros2_industrial_ws/install/urdf_basics:/home/student/ros2_industrial_ws/install/transferframes:/home/student/ros2_industrial_ws/install/template_package_python:/home/student/ros2_industrial_ws/install/ros_industrial_utilities:/home/student/ros2_industrial_ws/install/ros_industrial_support:/home/student/ros2_industrial_ws/install/range_sensor:/home/student/ros2_industrial_ws/install/node_demo:/home/student/ros2_industrial_ws/install/manipulation:/home/student/ros2_industrial_ws/install/fanuc_robots:/opt/ros/jazzy DEBUGINFOD_URLS=https://debuginfod.ubuntu.com /usr/bin/cmake --install /home/student/my_uf_ws/build/pymoveit2
[3.231s] Level 1:colcon.colcon_core.environment:checking '/home/student/my_uf_ws/install/pymoveit2' for CMake module files
[3.232s] Level 1:colcon.colcon_core.environment:checking '/home/student/my_uf_ws/install/pymoveit2' for CMake config files
[3.233s] Level 1:colcon.colcon_core.shell:create_environment_hook('pymoveit2', 'cmake_prefix_path')
[3.233s] INFO:colcon.colcon_core.shell:Creating environment hook '/home/student/my_uf_ws/install/pymoveit2/share/pymoveit2/hook/cmake_prefix_path.ps1'
[3.234s] INFO:colcon.colcon_core.shell:Creating environment descriptor '/home/student/my_uf_ws/install/pymoveit2/share/pymoveit2/hook/cmake_prefix_path.dsv'
[3.234s] INFO:colcon.colcon_core.shell:Creating environment hook '/home/student/my_uf_ws/install/pymoveit2/share/pymoveit2/hook/cmake_prefix_path.sh'
[3.235s] Level 1:colcon.colcon_core.environment:checking '/home/student/my_uf_ws/install/pymoveit2/lib'
[3.235s] Level 1:colcon.colcon_core.environment:checking '/home/student/my_uf_ws/install/pymoveit2/bin'
[3.235s] Level 1:colcon.colcon_core.environment:checking '/home/student/my_uf_ws/install/pymoveit2/lib/pkgconfig/pymoveit2.pc'
[3.236s] Level 1:colcon.colcon_core.environment:checking '/home/student/my_uf_ws/install/pymoveit2/lib/python3.12/site-packages'
[3.236s] Level 1:colcon.colcon_core.shell:create_environment_hook('pymoveit2', 'pythonpath')
[3.236s] INFO:colcon.colcon_core.shell:Creating environment hook '/home/student/my_uf_ws/install/pymoveit2/share/pymoveit2/hook/pythonpath.ps1'
[3.237s] INFO:colcon.colcon_core.shell:Creating environment descriptor '/home/student/my_uf_ws/install/pymoveit2/share/pymoveit2/hook/pythonpath.dsv'
[3.238s] INFO:colcon.colcon_core.shell:Creating environment hook '/home/student/my_uf_ws/install/pymoveit2/share/pymoveit2/hook/pythonpath.sh'
[3.239s] Level 1:colcon.colcon_core.environment:checking '/home/student/my_uf_ws/install/pymoveit2/bin'
[3.240s] INFO:colcon.colcon_core.shell:Creating package script '/home/student/my_uf_ws/install/pymoveit2/share/pymoveit2/package.ps1'
[3.241s] INFO:colcon.colcon_core.shell:Creating package descriptor '/home/student/my_uf_ws/install/pymoveit2/share/pymoveit2/package.dsv'
[3.242s] INFO:colcon.colcon_core.shell:Creating package script '/home/student/my_uf_ws/install/pymoveit2/share/pymoveit2/package.sh'
[3.243s] INFO:colcon.colcon_core.shell:Creating package script '/home/student/my_uf_ws/install/pymoveit2/share/pymoveit2/package.bash'
[3.243s] INFO:colcon.colcon_core.shell:Creating package script '/home/student/my_uf_ws/install/pymoveit2/share/pymoveit2/package.zsh'
[3.244s] Level 1:colcon.colcon_core.environment:create_file_with_runtime_dependencies(/home/student/my_uf_ws/install/pymoveit2/share/colcon-core/packages/pymoveit2)
[3.245s] Level 1:colcon.colcon_core.environment:create_environment_scripts_only(pymoveit2)
[3.246s] Level 1:colcon.colcon_core.environment:checking '/home/student/my_uf_ws/install/pymoveit2' for CMake module files
[3.247s] Level 1:colcon.colcon_core.environment:checking '/home/student/my_uf_ws/install/pymoveit2' for CMake config files
[3.248s] Level 1:colcon.colcon_core.shell:create_environment_hook('pymoveit2', 'cmake_prefix_path')
[3.248s] INFO:colcon.colcon_core.shell:Creating environment hook '/home/student/my_uf_ws/install/pymoveit2/share/pymoveit2/hook/cmake_prefix_path.ps1'
[3.249s] INFO:colcon.colcon_core.shell:Creating environment descriptor '/home/student/my_uf_ws/install/pymoveit2/share/pymoveit2/hook/cmake_prefix_path.dsv'
[3.250s] INFO:colcon.colcon_core.shell:Creating environment hook '/home/student/my_uf_ws/install/pymoveit2/share/pymoveit2/hook/cmake_prefix_path.sh'
[3.251s] Level 1:colcon.colcon_core.environment:checking '/home/student/my_uf_ws/install/pymoveit2/lib'
[3.251s] Level 1:colcon.colcon_core.environment:checking '/home/student/my_uf_ws/install/pymoveit2/bin'
[3.251s] Level 1:colcon.colcon_core.environment:checking '/home/student/my_uf_ws/install/pymoveit2/lib/pkgconfig/pymoveit2.pc'
[3.251s] Level 1:colcon.colcon_core.environment:checking '/home/student/my_uf_ws/install/pymoveit2/lib/python3.12/site-packages'
[3.252s] Level 1:colcon.colcon_core.shell:create_environment_hook('pymoveit2', 'pythonpath')
[3.252s] INFO:colcon.colcon_core.shell:Creating environment hook '/home/student/my_uf_ws/install/pymoveit2/share/pymoveit2/hook/pythonpath.ps1'
[3.252s] INFO:colcon.colcon_core.shell:Creating environment descriptor '/home/student/my_uf_ws/install/pymoveit2/share/pymoveit2/hook/pythonpath.dsv'
[3.253s] INFO:colcon.colcon_core.shell:Creating environment hook '/home/student/my_uf_ws/install/pymoveit2/share/pymoveit2/hook/pythonpath.sh'
[3.254s] Level 1:colcon.colcon_core.environment:checking '/home/student/my_uf_ws/install/pymoveit2/bin'
[3.254s] INFO:colcon.colcon_core.shell:Creating package script '/home/student/my_uf_ws/install/pymoveit2/share/pymoveit2/package.ps1'
[3.256s] INFO:colcon.colcon_core.shell:Creating package descriptor '/home/student/my_uf_ws/install/pymoveit2/share/pymoveit2/package.dsv'
[3.257s] INFO:colcon.colcon_core.shell:Creating package script '/home/student/my_uf_ws/install/pymoveit2/share/pymoveit2/package.sh'
[3.257s] INFO:colcon.colcon_core.shell:Creating package script '/home/student/my_uf_ws/install/pymoveit2/share/pymoveit2/package.bash'
[3.258s] INFO:colcon.colcon_core.shell:Creating package script '/home/student/my_uf_ws/install/pymoveit2/share/pymoveit2/package.zsh'
[3.258s] Level 1:colcon.colcon_core.environment:create_file_with_runtime_dependencies(/home/student/my_uf_ws/install/pymoveit2/share/colcon-core/packages/pymoveit2)
[3.273s] DEBUG:colcon.colcon_core.event_handler.log_command:Invoking command in '/home/student/my_uf_ws/build/my_uf_demo': DEBUGINFOD_URLS=https://debuginfod.ubuntu.com PYTHONPATH=/home/student/my_uf_ws/build/my_uf_demo/prefix_override:/usr/lib/python3/dist-packages/colcon_core/task/python/colcon_distutils_commands:/home/student/my_uf_ws/install/my_uf_demo/lib/python3.12/site-packages:${PYTHONPATH} /usr/bin/python3 -W ignore:setup.py install is deprecated -W ignore:easy_install command is deprecated setup.py develop --editable --build-directory /home/student/my_uf_ws/build/my_uf_demo/build --no-deps symlink_data
[4.131s] Level 1:colcon.colcon_core.shell:create_environment_hook('my_uf_bringup', 'pythonpath_develop')
[4.132s] INFO:colcon.colcon_core.shell:Creating environment hook '/home/student/my_uf_ws/build/my_uf_bringup/share/my_uf_bringup/hook/pythonpath_develop.ps1'
[4.131s] DEBUG:colcon.colcon_core.event_handler.log_command:Invoked command in '/home/student/my_uf_ws/build/my_uf_bringup' returned '0': DEBUGINFOD_URLS=https://debuginfod.ubuntu.com PYTHONPATH=/home/student/my_uf_ws/build/my_uf_bringup/prefix_override:/usr/lib/python3/dist-packages/colcon_core/task/python/colcon_distutils_commands:/home/student/my_uf_ws/install/my_uf_bringup/lib/python3.12/site-packages:${PYTHONPATH} /usr/bin/python3 -W ignore:setup.py install is deprecated -W ignore:easy_install command is deprecated setup.py develop --editable --build-directory /home/student/my_uf_ws/build/my_uf_bringup/build --no-deps symlink_data
[4.137s] INFO:colcon.colcon_core.shell:Creating environment descriptor '/home/student/my_uf_ws/build/my_uf_bringup/share/my_uf_bringup/hook/pythonpath_develop.dsv'
[4.138s] INFO:colcon.colcon_core.shell:Creating environment hook '/home/student/my_uf_ws/build/my_uf_bringup/share/my_uf_bringup/hook/pythonpath_develop.sh'
[4.140s] Level 1:colcon.colcon_core.environment:checking '/home/student/my_uf_ws/install/my_uf_bringup' for CMake module files
[4.140s] Level 1:colcon.colcon_core.environment:checking '/home/student/my_uf_ws/install/my_uf_bringup' for CMake config files
[4.141s] Level 1:colcon.colcon_core.environment:checking '/home/student/my_uf_ws/install/my_uf_bringup/lib'
[4.141s] Level 1:colcon.colcon_core.environment:checking '/home/student/my_uf_ws/install/my_uf_bringup/bin'
[4.141s] Level 1:colcon.colcon_core.environment:checking '/home/student/my_uf_ws/install/my_uf_bringup/lib/pkgconfig/my_uf_bringup.pc'
[4.141s] Level 1:colcon.colcon_core.environment:checking '/home/student/my_uf_ws/install/my_uf_bringup/lib/python3.12/site-packages'
[4.142s] Level 1:colcon.colcon_core.shell:create_environment_hook('my_uf_bringup', 'pythonpath')
[4.142s] INFO:colcon.colcon_core.shell:Creating environment hook '/home/student/my_uf_ws/install/my_uf_bringup/share/my_uf_bringup/hook/pythonpath.ps1'
[4.143s] INFO:colcon.colcon_core.shell:Creating environment descriptor '/home/student/my_uf_ws/install/my_uf_bringup/share/my_uf_bringup/hook/pythonpath.dsv'
[4.144s] INFO:colcon.colcon_core.shell:Creating environment hook '/home/student/my_uf_ws/install/my_uf_bringup/share/my_uf_bringup/hook/pythonpath.sh'
[4.147s] Level 1:colcon.colcon_core.environment:checking '/home/student/my_uf_ws/install/my_uf_bringup/bin'
[4.147s] Level 1:colcon.colcon_core.environment:create_environment_scripts_only(my_uf_bringup)
[4.147s] INFO:colcon.colcon_core.shell:Creating package script '/home/student/my_uf_ws/install/my_uf_bringup/share/my_uf_bringup/package.ps1'
[4.151s] INFO:colcon.colcon_core.shell:Creating package descriptor '/home/student/my_uf_ws/install/my_uf_bringup/share/my_uf_bringup/package.dsv'
[4.152s] INFO:colcon.colcon_core.shell:Creating package script '/home/student/my_uf_ws/install/my_uf_bringup/share/my_uf_bringup/package.sh'
[4.153s] INFO:colcon.colcon_core.shell:Creating package script '/home/student/my_uf_ws/install/my_uf_bringup/share/my_uf_bringup/package.bash'
[4.154s] INFO:colcon.colcon_core.shell:Creating package script '/home/student/my_uf_ws/install/my_uf_bringup/share/my_uf_bringup/package.zsh'
[4.156s] Level 1:colcon.colcon_core.environment:create_file_with_runtime_dependencies(/home/student/my_uf_ws/install/my_uf_bringup/share/colcon-core/packages/my_uf_bringup)
[4.158s] Level 1:colcon.colcon_core.shell:create_environment_hook('my_uf_description', 'pythonpath_develop')
[4.159s] INFO:colcon.colcon_core.shell:Creating environment hook '/home/student/my_uf_ws/build/my_uf_description/share/my_uf_description/hook/pythonpath_develop.ps1'
[4.160s] DEBUG:colcon.colcon_core.event_handler.log_command:Invoked command in '/home/student/my_uf_ws/build/my_uf_description' returned '0': DEBUGINFOD_URLS=https://debuginfod.ubuntu.com PYTHONPATH=/home/student/my_uf_ws/build/my_uf_description/prefix_override:/usr/lib/python3/dist-packages/colcon_core/task/python/colcon_distutils_commands:/home/student/my_uf_ws/install/my_uf_description/lib/python3.12/site-packages:${PYTHONPATH} /usr/bin/python3 -W ignore:setup.py install is deprecated -W ignore:easy_install command is deprecated setup.py develop --editable --build-directory /home/student/my_uf_ws/build/my_uf_description/build --no-deps symlink_data
[4.161s] INFO:colcon.colcon_core.shell:Creating environment descriptor '/home/student/my_uf_ws/build/my_uf_description/share/my_uf_description/hook/pythonpath_develop.dsv'
[4.161s] INFO:colcon.colcon_core.shell:Creating environment hook '/home/student/my_uf_ws/build/my_uf_description/share/my_uf_description/hook/pythonpath_develop.sh'
[4.162s] Level 1:colcon.colcon_core.environment:checking '/home/student/my_uf_ws/install/my_uf_description' for CMake module files
[4.163s] Level 1:colcon.colcon_core.environment:checking '/home/student/my_uf_ws/install/my_uf_description' for CMake config files
[4.164s] Level 1:colcon.colcon_core.environment:checking '/home/student/my_uf_ws/install/my_uf_description/lib'
[4.164s] Level 1:colcon.colcon_core.environment:checking '/home/student/my_uf_ws/install/my_uf_description/bin'
[4.164s] Level 1:colcon.colcon_core.environment:checking '/home/student/my_uf_ws/install/my_uf_description/lib/pkgconfig/my_uf_description.pc'
[4.164s] Level 1:colcon.colcon_core.environment:checking '/home/student/my_uf_ws/install/my_uf_description/lib/python3.12/site-packages'
[4.165s] Level 1:colcon.colcon_core.shell:create_environment_hook('my_uf_description', 'pythonpath')
[4.165s] INFO:colcon.colcon_core.shell:Creating environment hook '/home/student/my_uf_ws/install/my_uf_description/share/my_uf_description/hook/pythonpath.ps1'
[4.167s] INFO:colcon.colcon_core.shell:Creating environment descriptor '/home/student/my_uf_ws/install/my_uf_description/share/my_uf_description/hook/pythonpath.dsv'
[4.168s] INFO:colcon.colcon_core.shell:Creating environment hook '/home/student/my_uf_ws/install/my_uf_description/share/my_uf_description/hook/pythonpath.sh'
[4.170s] Level 1:colcon.colcon_core.environment:checking '/home/student/my_uf_ws/install/my_uf_description/bin'
[4.170s] Level 1:colcon.colcon_core.environment:create_environment_scripts_only(my_uf_description)
[4.170s] INFO:colcon.colcon_core.shell:Creating package script '/home/student/my_uf_ws/install/my_uf_description/share/my_uf_description/package.ps1'
[4.171s] INFO:colcon.colcon_core.shell:Creating package descriptor '/home/student/my_uf_ws/install/my_uf_description/share/my_uf_description/package.dsv'
[4.172s] INFO:colcon.colcon_core.shell:Creating package script '/home/student/my_uf_ws/install/my_uf_description/share/my_uf_description/package.sh'
[4.173s] INFO:colcon.colcon_core.shell:Creating package script '/home/student/my_uf_ws/install/my_uf_description/share/my_uf_description/package.bash'
[4.173s] INFO:colcon.colcon_core.shell:Creating package script '/home/student/my_uf_ws/install/my_uf_description/share/my_uf_description/package.zsh'
[4.174s] Level 1:colcon.colcon_core.environment:create_file_with_runtime_dependencies(/home/student/my_uf_ws/install/my_uf_description/share/colcon-core/packages/my_uf_description)
[4.174s] INFO:colcon.colcon_ros.task.ament_cmake.build:Building ROS package in '/home/student/my_uf_ws/src/my_ufactory_ROS2/my_uf_moveit_config' with build type 'ament_cmake'
[4.174s] INFO:colcon.colcon_cmake.task.cmake.build:Building CMake package in '/home/student/my_uf_ws/src/my_ufactory_ROS2/my_uf_moveit_config'
[4.175s] INFO:colcon.colcon_core.shell:Skip shell extension 'powershell' for command environment: Not usable outside of PowerShell
[4.175s] DEBUG:colcon.colcon_core.shell:Skip shell extension 'dsv' for command environment
[4.208s] DEBUG:colcon.colcon_core.event_handler.log_command:Invoking command in '/home/student/my_uf_ws/build/my_uf_moveit_config': AMENT_PREFIX_PATH=/home/student/my_uf_ws/install/my_uf_description:/home/student/xarm_ws/install/xarm_planner:/home/student/xarm_ws/install/xarm_moveit_servo:/home/student/xarm_ws/install/xarm_moveit_config:/home/student/xarm_ws/install/xarm_gazebo:/home/student/xarm_ws/install/xarm_controller:/home/student/xarm_ws/install/xarm_api:/home/student/xarm_ws/install/xarm_sdk:/home/student/xarm_ws/install/xarm_msgs:/home/student/xarm_ws/install/xarm_description:/home/student/xarm_ws/install/mbot_demo:/home/student/xarm_ws/install/uf_ros_lib:/home/student/xarm_ws/install/realsense_gazebo_plugin:/home/student/my_depthai_ws/install/my_depthai_pose_estimation:/home/student/my_depthai_ws/install/my_depthai_python:/home/student/my_depthai_ws/install/my_depthai_object_tracking:/home/student/my_depthai_ws/install/my_depthai_interfaces:/home/student/my_depthai_ws/install/my_depthai_descriptions:/home/student/my_uf_ws/install/xarm_planner:/home/student/my_uf_ws/install/xarm_moveit_servo:/home/student/my_uf_ws/install/xarm_moveit_config:/home/student/my_uf_ws/install/xarm_gazebo:/home/student/my_uf_ws/install/xarm_controller:/home/student/my_uf_ws/install/xarm_api:/home/student/my_uf_ws/install/xarm_sdk:/home/student/my_uf_ws/install/xarm_msgs:/home/student/my_uf_ws/install/xarm_description:/home/student/my_uf_ws/install/mbot_demo:/home/student/my_uf_ws/install/uf_ros_lib:/home/student/my_uf_ws/install/realsense_gazebo_plugin:/home/student/my_uf_ws/install/pymoveit2:/home/student/my_uf_ws/install/my_uf_moveit_config:/home/student/my_uf_ws/install/my_uf_demo:/home/student/my_uf_ws/install/my_uf_bringup:/home/student/my_uf_ws/install/my_uf:/home/student/my_uf_ws/install/my_moveit_python:/home/student/my_uf_ws/src/my_ufactory_ROS2/my_uf_description/install/my_uf_description:/home/student/microROS_agent_ws/src/install/micro_ros_agent:/home/student/ros2_industrial_ws/install/urdf_basics:/home/student/ros2_industrial_ws/install/transferframes_moveit_config:/home/student/ros2_industrial_ws/install/transferframes:/home/student/ros2_industrial_ws/install/template_package_python:/home/student/ros2_industrial_ws/install/template_interfaces:/home/student/ros2_industrial_ws/install/ros_industrial_utilities:/home/student/ros2_industrial_ws/install/ros_industrial_support:/home/student/ros2_industrial_ws/install/ros_industrial_sensors:/home/student/ros2_industrial_ws/install/ros_industrial_actuators:/home/student/ros2_industrial_ws/install/ros_industrial_msgs:/home/student/ros2_industrial_ws/install/ros_industrial_install:/home/student/ros2_industrial_ws/install/range_sensor_cpp:/home/student/ros2_industrial_ws/install/range_sensor:/home/student/ros2_industrial_ws/install/range_sensors_interfaces:/home/student/ros2_industrial_ws/install/node_demo:/home/student/ros2_industrial_ws/install/manipulation_moveit_config:/home/student/ros2_industrial_ws/install/manipulation:/home/student/ros2_industrial_ws/install/fanuc_robots:/opt/ros/jazzy CMAKE_PREFIX_PATH=${CMAKE_PREFIX_PATH}:/home/student/xarm_ws/install/uf_ros_lib:/home/student/my_depthai_ws/install/my_depthai_pose_estimation:/home/student/my_depthai_ws/install/my_depthai_python:/home/student/my_depthai_ws/install/my_depthai_object_tracking:/home/student/my_uf_ws/install/uf_ros_lib:/home/student/my_uf_ws/install/my_uf_demo:/home/student/my_uf_ws/install/my_uf_bringup:/home/student/ros2_industrial_ws/install/urdf_basics:/home/student/ros2_industrial_ws/install/transferframes:/home/student/ros2_industrial_ws/install/template_package_python:/home/student/ros2_industrial_ws/install/ros_industrial_utilities:/home/student/ros2_industrial_ws/install/ros_industrial_support:/home/student/ros2_industrial_ws/install/range_sensor:/home/student/ros2_industrial_ws/install/node_demo:/home/student/ros2_industrial_ws/install/manipulation:/home/student/ros2_industrial_ws/install/fanuc_robots:/opt/ros/jazzy DEBUGINFOD_URLS=https://debuginfod.ubuntu.com PYTHONPATH=/home/student/my_uf_ws/build/my_uf_description:/home/student/my_uf_ws/install/my_uf_description/lib/python3.12/site-packages:/home/student/xarm_ws/install/xarm_msgs/lib/python3.12/site-packages:/home/student/xarm_ws/build/uf_ros_lib:/home/student/xarm_ws/install/uf_ros_lib/lib/python3.12/site-packages:/home/student/my_uf_ws/build/my_uf_demo:/home/student/my_uf_ws/build/my_uf_bringup:/home/student/my_uf_ws/build/uf_ros_lib:/home/student/my_depthai_ws/build/my_depthai_pose_estimation:/home/student/my_depthai_ws/install/my_depthai_pose_estimation/lib/python3.12/site-packages:/home/student/my_depthai_ws/build/my_depthai_python:/home/student/my_depthai_ws/install/my_depthai_python/lib/python3.12/site-packages:/home/student/my_depthai_ws/build/my_depthai_object_tracking:/home/student/my_depthai_ws/install/my_depthai_object_tracking/lib/python3.12/site-packages:/home/student/my_depthai_ws/install/my_depthai_interfaces/lib/python3.12/site-packages:/home/student/my_uf_ws/install/xarm_msgs/lib/python3.12/site-packages:/home/student/my_uf_ws/install/uf_ros_lib/lib/python3.12/site-packages:/home/student/my_uf_ws/install/pymoveit2/lib/python3.12/site-packages:/home/student/my_uf_ws/install/my_uf_demo/lib/python3.12/site-packages:/home/student/my_uf_ws/install/my_uf_bringup/lib/python3.12/site-packages:/home/student/my_uf_ws/install/my_moveit_python/lib/python3.12/site-packages:/home/student/my_uf_ws/src/my_ufactory_ROS2/my_uf_description/install/my_uf_description/lib/python3.12/site-packages:/home/student/ros2_industrial_ws/src/ROS2_industrial/build/urdf_basics:/home/student/ros2_industrial_ws/install/urdf_basics/lib/python3.12/site-packages:/home/student/ros2_industrial_ws/src/ROS2_industrial/build/transferframes:/home/student/ros2_industrial_ws/install/transferframes/lib/python3.12/site-packages:/home/student/ros2_industrial_ws/src/ROS2_industrial/build/template_package_python:/home/student/ros2_industrial_ws/install/template_package_python/lib/python3.12/site-packages:/home/student/ros2_industrial_ws/install/template_interfaces/lib/python3.12/site-packages:/home/student/ros2_industrial_ws/src/ROS2_industrial/build/ros_industrial_utilities:/home/student/ros2_industrial_ws/install/ros_industrial_utilities/lib/python3.12/site-packages:/home/student/ros2_industrial_ws/src/ROS2_industrial/build/ros_industrial_support:/home/student/ros2_industrial_ws/install/ros_industrial_support/lib/python3.12/site-packages:/home/student/ros2_industrial_ws/install/ros_industrial_sensors/lib/python3.12/site-packages:/home/student/ros2_industrial_ws/install/ros_industrial_actuators/lib/python3.12/site-packages:/home/student/ros2_industrial_ws/install/ros_industrial_msgs/lib/python3.12/site-packages:/home/student/ros2_industrial_ws/src/ROS2_industrial/build/range_sensor:/home/student/ros2_industrial_ws/install/range_sensor/lib/python3.12/site-packages:/home/student/ros2_industrial_ws/install/range_sensors_interfaces/lib/python3.12/site-packages:/home/student/ros2_industrial_ws/src/ROS2_industrial/build/node_demo:/home/student/ros2_industrial_ws/install/node_demo/lib/python3.12/site-packages:/home/student/ros2_industrial_ws/src/ROS2_industrial/build/manipulation:/home/student/ros2_industrial_ws/install/manipulation/lib/python3.12/site-packages:/home/student/ros2_industrial_ws/src/ROS2_industrial/build/fanuc_robots:/home/student/ros2_industrial_ws/install/fanuc_robots/lib/python3.12/site-packages:/opt/ros/jazzy/lib/python3.12/site-packages /usr/bin/cmake --build /home/student/my_uf_ws/build/my_uf_moveit_config -- -j4 -l4
[4.304s] DEBUG:colcon.colcon_core.event_handler.log_command:Invoked command in '/home/student/my_uf_ws/build/my_uf_moveit_config' returned '0': AMENT_PREFIX_PATH=/home/student/my_uf_ws/install/my_uf_description:/home/student/xarm_ws/install/xarm_planner:/home/student/xarm_ws/install/xarm_moveit_servo:/home/student/xarm_ws/install/xarm_moveit_config:/home/student/xarm_ws/install/xarm_gazebo:/home/student/xarm_ws/install/xarm_controller:/home/student/xarm_ws/install/xarm_api:/home/student/xarm_ws/install/xarm_sdk:/home/student/xarm_ws/install/xarm_msgs:/home/student/xarm_ws/install/xarm_description:/home/student/xarm_ws/install/mbot_demo:/home/student/xarm_ws/install/uf_ros_lib:/home/student/xarm_ws/install/realsense_gazebo_plugin:/home/student/my_depthai_ws/install/my_depthai_pose_estimation:/home/student/my_depthai_ws/install/my_depthai_python:/home/student/my_depthai_ws/install/my_depthai_object_tracking:/home/student/my_depthai_ws/install/my_depthai_interfaces:/home/student/my_depthai_ws/install/my_depthai_descriptions:/home/student/my_uf_ws/install/xarm_planner:/home/student/my_uf_ws/install/xarm_moveit_servo:/home/student/my_uf_ws/install/xarm_moveit_config:/home/student/my_uf_ws/install/xarm_gazebo:/home/student/my_uf_ws/install/xarm_controller:/home/student/my_uf_ws/install/xarm_api:/home/student/my_uf_ws/install/xarm_sdk:/home/student/my_uf_ws/install/xarm_msgs:/home/student/my_uf_ws/install/xarm_description:/home/student/my_uf_ws/install/mbot_demo:/home/student/my_uf_ws/install/uf_ros_lib:/home/student/my_uf_ws/install/realsense_gazebo_plugin:/home/student/my_uf_ws/install/pymoveit2:/home/student/my_uf_ws/install/my_uf_moveit_config:/home/student/my_uf_ws/install/my_uf_demo:/home/student/my_uf_ws/install/my_uf_bringup:/home/student/my_uf_ws/install/my_uf:/home/student/my_uf_ws/install/my_moveit_python:/home/student/my_uf_ws/src/my_ufactory_ROS2/my_uf_description/install/my_uf_description:/home/student/microROS_agent_ws/src/install/micro_ros_agent:/home/student/ros2_industrial_ws/install/urdf_basics:/home/student/ros2_industrial_ws/install/transferframes_moveit_config:/home/student/ros2_industrial_ws/install/transferframes:/home/student/ros2_industrial_ws/install/template_package_python:/home/student/ros2_industrial_ws/install/template_interfaces:/home/student/ros2_industrial_ws/install/ros_industrial_utilities:/home/student/ros2_industrial_ws/install/ros_industrial_support:/home/student/ros2_industrial_ws/install/ros_industrial_sensors:/home/student/ros2_industrial_ws/install/ros_industrial_actuators:/home/student/ros2_industrial_ws/install/ros_industrial_msgs:/home/student/ros2_industrial_ws/install/ros_industrial_install:/home/student/ros2_industrial_ws/install/range_sensor_cpp:/home/student/ros2_industrial_ws/install/range_sensor:/home/student/ros2_industrial_ws/install/range_sensors_interfaces:/home/student/ros2_industrial_ws/install/node_demo:/home/student/ros2_industrial_ws/install/manipulation_moveit_config:/home/student/ros2_industrial_ws/install/manipulation:/home/student/ros2_industrial_ws/install/fanuc_robots:/opt/ros/jazzy CMAKE_PREFIX_PATH=${CMAKE_PREFIX_PATH}:/home/student/xarm_ws/install/uf_ros_lib:/home/student/my_depthai_ws/install/my_depthai_pose_estimation:/home/student/my_depthai_ws/install/my_depthai_python:/home/student/my_depthai_ws/install/my_depthai_object_tracking:/home/student/my_uf_ws/install/uf_ros_lib:/home/student/my_uf_ws/install/my_uf_demo:/home/student/my_uf_ws/install/my_uf_bringup:/home/student/ros2_industrial_ws/install/urdf_basics:/home/student/ros2_industrial_ws/install/transferframes:/home/student/ros2_industrial_ws/install/template_package_python:/home/student/ros2_industrial_ws/install/ros_industrial_utilities:/home/student/ros2_industrial_ws/install/ros_industrial_support:/home/student/ros2_industrial_ws/install/range_sensor:/home/student/ros2_industrial_ws/install/node_demo:/home/student/ros2_industrial_ws/install/manipulation:/home/student/ros2_industrial_ws/install/fanuc_robots:/opt/ros/jazzy DEBUGINFOD_URLS=https://debuginfod.ubuntu.com PYTHONPATH=/home/student/my_uf_ws/build/my_uf_description:/home/student/my_uf_ws/install/my_uf_description/lib/python3.12/site-packages:/home/student/xarm_ws/install/xarm_msgs/lib/python3.12/site-packages:/home/student/xarm_ws/build/uf_ros_lib:/home/student/xarm_ws/install/uf_ros_lib/lib/python3.12/site-packages:/home/student/my_uf_ws/build/my_uf_demo:/home/student/my_uf_ws/build/my_uf_bringup:/home/student/my_uf_ws/build/uf_ros_lib:/home/student/my_depthai_ws/build/my_depthai_pose_estimation:/home/student/my_depthai_ws/install/my_depthai_pose_estimation/lib/python3.12/site-packages:/home/student/my_depthai_ws/build/my_depthai_python:/home/student/my_depthai_ws/install/my_depthai_python/lib/python3.12/site-packages:/home/student/my_depthai_ws/build/my_depthai_object_tracking:/home/student/my_depthai_ws/install/my_depthai_object_tracking/lib/python3.12/site-packages:/home/student/my_depthai_ws/install/my_depthai_interfaces/lib/python3.12/site-packages:/home/student/my_uf_ws/install/xarm_msgs/lib/python3.12/site-packages:/home/student/my_uf_ws/install/uf_ros_lib/lib/python3.12/site-packages:/home/student/my_uf_ws/install/pymoveit2/lib/python3.12/site-packages:/home/student/my_uf_ws/install/my_uf_demo/lib/python3.12/site-packages:/home/student/my_uf_ws/install/my_uf_bringup/lib/python3.12/site-packages:/home/student/my_uf_ws/install/my_moveit_python/lib/python3.12/site-packages:/home/student/my_uf_ws/src/my_ufactory_ROS2/my_uf_description/install/my_uf_description/lib/python3.12/site-packages:/home/student/ros2_industrial_ws/src/ROS2_industrial/build/urdf_basics:/home/student/ros2_industrial_ws/install/urdf_basics/lib/python3.12/site-packages:/home/student/ros2_industrial_ws/src/ROS2_industrial/build/transferframes:/home/student/ros2_industrial_ws/install/transferframes/lib/python3.12/site-packages:/home/student/ros2_industrial_ws/src/ROS2_industrial/build/template_package_python:/home/student/ros2_industrial_ws/install/template_package_python/lib/python3.12/site-packages:/home/student/ros2_industrial_ws/install/template_interfaces/lib/python3.12/site-packages:/home/student/ros2_industrial_ws/src/ROS2_industrial/build/ros_industrial_utilities:/home/student/ros2_industrial_ws/install/ros_industrial_utilities/lib/python3.12/site-packages:/home/student/ros2_industrial_ws/src/ROS2_industrial/build/ros_industrial_support:/home/student/ros2_industrial_ws/install/ros_industrial_support/lib/python3.12/site-packages:/home/student/ros2_industrial_ws/install/ros_industrial_sensors/lib/python3.12/site-packages:/home/student/ros2_industrial_ws/install/ros_industrial_actuators/lib/python3.12/site-packages:/home/student/ros2_industrial_ws/install/ros_industrial_msgs/lib/python3.12/site-packages:/home/student/ros2_industrial_ws/src/ROS2_industrial/build/range_sensor:/home/student/ros2_industrial_ws/install/range_sensor/lib/python3.12/site-packages:/home/student/ros2_industrial_ws/install/range_sensors_interfaces/lib/python3.12/site-packages:/home/student/ros2_industrial_ws/src/ROS2_industrial/build/node_demo:/home/student/ros2_industrial_ws/install/node_demo/lib/python3.12/site-packages:/home/student/ros2_industrial_ws/src/ROS2_industrial/build/manipulation:/home/student/ros2_industrial_ws/install/manipulation/lib/python3.12/site-packages:/home/student/ros2_industrial_ws/src/ROS2_industrial/build/fanuc_robots:/home/student/ros2_industrial_ws/install/fanuc_robots/lib/python3.12/site-packages:/opt/ros/jazzy/lib/python3.12/site-packages /usr/bin/cmake --build /home/student/my_uf_ws/build/my_uf_moveit_config -- -j4 -l4
[4.307s] DEBUG:colcon.colcon_core.event_handler.log_command:Invoking command in '/home/student/my_uf_ws/build/my_uf_moveit_config': AMENT_PREFIX_PATH=/home/student/my_uf_ws/install/my_uf_description:/home/student/xarm_ws/install/xarm_planner:/home/student/xarm_ws/install/xarm_moveit_servo:/home/student/xarm_ws/install/xarm_moveit_config:/home/student/xarm_ws/install/xarm_gazebo:/home/student/xarm_ws/install/xarm_controller:/home/student/xarm_ws/install/xarm_api:/home/student/xarm_ws/install/xarm_sdk:/home/student/xarm_ws/install/xarm_msgs:/home/student/xarm_ws/install/xarm_description:/home/student/xarm_ws/install/mbot_demo:/home/student/xarm_ws/install/uf_ros_lib:/home/student/xarm_ws/install/realsense_gazebo_plugin:/home/student/my_depthai_ws/install/my_depthai_pose_estimation:/home/student/my_depthai_ws/install/my_depthai_python:/home/student/my_depthai_ws/install/my_depthai_object_tracking:/home/student/my_depthai_ws/install/my_depthai_interfaces:/home/student/my_depthai_ws/install/my_depthai_descriptions:/home/student/my_uf_ws/install/xarm_planner:/home/student/my_uf_ws/install/xarm_moveit_servo:/home/student/my_uf_ws/install/xarm_moveit_config:/home/student/my_uf_ws/install/xarm_gazebo:/home/student/my_uf_ws/install/xarm_controller:/home/student/my_uf_ws/install/xarm_api:/home/student/my_uf_ws/install/xarm_sdk:/home/student/my_uf_ws/install/xarm_msgs:/home/student/my_uf_ws/install/xarm_description:/home/student/my_uf_ws/install/mbot_demo:/home/student/my_uf_ws/install/uf_ros_lib:/home/student/my_uf_ws/install/realsense_gazebo_plugin:/home/student/my_uf_ws/install/pymoveit2:/home/student/my_uf_ws/install/my_uf_moveit_config:/home/student/my_uf_ws/install/my_uf_demo:/home/student/my_uf_ws/install/my_uf_bringup:/home/student/my_uf_ws/install/my_uf:/home/student/my_uf_ws/install/my_moveit_python:/home/student/my_uf_ws/src/my_ufactory_ROS2/my_uf_description/install/my_uf_description:/home/student/microROS_agent_ws/src/install/micro_ros_agent:/home/student/ros2_industrial_ws/install/urdf_basics:/home/student/ros2_industrial_ws/install/transferframes_moveit_config:/home/student/ros2_industrial_ws/install/transferframes:/home/student/ros2_industrial_ws/install/template_package_python:/home/student/ros2_industrial_ws/install/template_interfaces:/home/student/ros2_industrial_ws/install/ros_industrial_utilities:/home/student/ros2_industrial_ws/install/ros_industrial_support:/home/student/ros2_industrial_ws/install/ros_industrial_sensors:/home/student/ros2_industrial_ws/install/ros_industrial_actuators:/home/student/ros2_industrial_ws/install/ros_industrial_msgs:/home/student/ros2_industrial_ws/install/ros_industrial_install:/home/student/ros2_industrial_ws/install/range_sensor_cpp:/home/student/ros2_industrial_ws/install/range_sensor:/home/student/ros2_industrial_ws/install/range_sensors_interfaces:/home/student/ros2_industrial_ws/install/node_demo:/home/student/ros2_industrial_ws/install/manipulation_moveit_config:/home/student/ros2_industrial_ws/install/manipulation:/home/student/ros2_industrial_ws/install/fanuc_robots:/opt/ros/jazzy CMAKE_PREFIX_PATH=${CMAKE_PREFIX_PATH}:/home/student/xarm_ws/install/uf_ros_lib:/home/student/my_depthai_ws/install/my_depthai_pose_estimation:/home/student/my_depthai_ws/install/my_depthai_python:/home/student/my_depthai_ws/install/my_depthai_object_tracking:/home/student/my_uf_ws/install/uf_ros_lib:/home/student/my_uf_ws/install/my_uf_demo:/home/student/my_uf_ws/install/my_uf_bringup:/home/student/ros2_industrial_ws/install/urdf_basics:/home/student/ros2_industrial_ws/install/transferframes:/home/student/ros2_industrial_ws/install/template_package_python:/home/student/ros2_industrial_ws/install/ros_industrial_utilities:/home/student/ros2_industrial_ws/install/ros_industrial_support:/home/student/ros2_industrial_ws/install/range_sensor:/home/student/ros2_industrial_ws/install/node_demo:/home/student/ros2_industrial_ws/install/manipulation:/home/student/ros2_industrial_ws/install/fanuc_robots:/opt/ros/jazzy DEBUGINFOD_URLS=https://debuginfod.ubuntu.com PYTHONPATH=/home/student/my_uf_ws/build/my_uf_description:/home/student/my_uf_ws/install/my_uf_description/lib/python3.12/site-packages:/home/student/xarm_ws/install/xarm_msgs/lib/python3.12/site-packages:/home/student/xarm_ws/build/uf_ros_lib:/home/student/xarm_ws/install/uf_ros_lib/lib/python3.12/site-packages:/home/student/my_uf_ws/build/my_uf_demo:/home/student/my_uf_ws/build/my_uf_bringup:/home/student/my_uf_ws/build/uf_ros_lib:/home/student/my_depthai_ws/build/my_depthai_pose_estimation:/home/student/my_depthai_ws/install/my_depthai_pose_estimation/lib/python3.12/site-packages:/home/student/my_depthai_ws/build/my_depthai_python:/home/student/my_depthai_ws/install/my_depthai_python/lib/python3.12/site-packages:/home/student/my_depthai_ws/build/my_depthai_object_tracking:/home/student/my_depthai_ws/install/my_depthai_object_tracking/lib/python3.12/site-packages:/home/student/my_depthai_ws/install/my_depthai_interfaces/lib/python3.12/site-packages:/home/student/my_uf_ws/install/xarm_msgs/lib/python3.12/site-packages:/home/student/my_uf_ws/install/uf_ros_lib/lib/python3.12/site-packages:/home/student/my_uf_ws/install/pymoveit2/lib/python3.12/site-packages:/home/student/my_uf_ws/install/my_uf_demo/lib/python3.12/site-packages:/home/student/my_uf_ws/install/my_uf_bringup/lib/python3.12/site-packages:/home/student/my_uf_ws/install/my_moveit_python/lib/python3.12/site-packages:/home/student/my_uf_ws/src/my_ufactory_ROS2/my_uf_description/install/my_uf_description/lib/python3.12/site-packages:/home/student/ros2_industrial_ws/src/ROS2_industrial/build/urdf_basics:/home/student/ros2_industrial_ws/install/urdf_basics/lib/python3.12/site-packages:/home/student/ros2_industrial_ws/src/ROS2_industrial/build/transferframes:/home/student/ros2_industrial_ws/install/transferframes/lib/python3.12/site-packages:/home/student/ros2_industrial_ws/src/ROS2_industrial/build/template_package_python:/home/student/ros2_industrial_ws/install/template_package_python/lib/python3.12/site-packages:/home/student/ros2_industrial_ws/install/template_interfaces/lib/python3.12/site-packages:/home/student/ros2_industrial_ws/src/ROS2_industrial/build/ros_industrial_utilities:/home/student/ros2_industrial_ws/install/ros_industrial_utilities/lib/python3.12/site-packages:/home/student/ros2_industrial_ws/src/ROS2_industrial/build/ros_industrial_support:/home/student/ros2_industrial_ws/install/ros_industrial_support/lib/python3.12/site-packages:/home/student/ros2_industrial_ws/install/ros_industrial_sensors/lib/python3.12/site-packages:/home/student/ros2_industrial_ws/install/ros_industrial_actuators/lib/python3.12/site-packages:/home/student/ros2_industrial_ws/install/ros_industrial_msgs/lib/python3.12/site-packages:/home/student/ros2_industrial_ws/src/ROS2_industrial/build/range_sensor:/home/student/ros2_industrial_ws/install/range_sensor/lib/python3.12/site-packages:/home/student/ros2_industrial_ws/install/range_sensors_interfaces/lib/python3.12/site-packages:/home/student/ros2_industrial_ws/src/ROS2_industrial/build/node_demo:/home/student/ros2_industrial_ws/install/node_demo/lib/python3.12/site-packages:/home/student/ros2_industrial_ws/src/ROS2_industrial/build/manipulation:/home/student/ros2_industrial_ws/install/manipulation/lib/python3.12/site-packages:/home/student/ros2_industrial_ws/src/ROS2_industrial/build/fanuc_robots:/home/student/ros2_industrial_ws/install/fanuc_robots/lib/python3.12/site-packages:/opt/ros/jazzy/lib/python3.12/site-packages /usr/bin/cmake --install /home/student/my_uf_ws/build/my_uf_moveit_config
[4.443s] Level 1:colcon.colcon_core.environment:create_environment_scripts_only(my_uf_moveit_config)
[4.444s] Level 1:colcon.colcon_core.environment:checking '/home/student/my_uf_ws/install/my_uf_moveit_config' for CMake module files
[4.445s] DEBUG:colcon.colcon_core.event_handler.log_command:Invoked command in '/home/student/my_uf_ws/build/my_uf_moveit_config' returned '0': AMENT_PREFIX_PATH=/home/student/my_uf_ws/install/my_uf_description:/home/student/xarm_ws/install/xarm_planner:/home/student/xarm_ws/install/xarm_moveit_servo:/home/student/xarm_ws/install/xarm_moveit_config:/home/student/xarm_ws/install/xarm_gazebo:/home/student/xarm_ws/install/xarm_controller:/home/student/xarm_ws/install/xarm_api:/home/student/xarm_ws/install/xarm_sdk:/home/student/xarm_ws/install/xarm_msgs:/home/student/xarm_ws/install/xarm_description:/home/student/xarm_ws/install/mbot_demo:/home/student/xarm_ws/install/uf_ros_lib:/home/student/xarm_ws/install/realsense_gazebo_plugin:/home/student/my_depthai_ws/install/my_depthai_pose_estimation:/home/student/my_depthai_ws/install/my_depthai_python:/home/student/my_depthai_ws/install/my_depthai_object_tracking:/home/student/my_depthai_ws/install/my_depthai_interfaces:/home/student/my_depthai_ws/install/my_depthai_descriptions:/home/student/my_uf_ws/install/xarm_planner:/home/student/my_uf_ws/install/xarm_moveit_servo:/home/student/my_uf_ws/install/xarm_moveit_config:/home/student/my_uf_ws/install/xarm_gazebo:/home/student/my_uf_ws/install/xarm_controller:/home/student/my_uf_ws/install/xarm_api:/home/student/my_uf_ws/install/xarm_sdk:/home/student/my_uf_ws/install/xarm_msgs:/home/student/my_uf_ws/install/xarm_description:/home/student/my_uf_ws/install/mbot_demo:/home/student/my_uf_ws/install/uf_ros_lib:/home/student/my_uf_ws/install/realsense_gazebo_plugin:/home/student/my_uf_ws/install/pymoveit2:/home/student/my_uf_ws/install/my_uf_moveit_config:/home/student/my_uf_ws/install/my_uf_demo:/home/student/my_uf_ws/install/my_uf_bringup:/home/student/my_uf_ws/install/my_uf:/home/student/my_uf_ws/install/my_moveit_python:/home/student/my_uf_ws/src/my_ufactory_ROS2/my_uf_description/install/my_uf_description:/home/student/microROS_agent_ws/src/install/micro_ros_agent:/home/student/ros2_industrial_ws/install/urdf_basics:/home/student/ros2_industrial_ws/install/transferframes_moveit_config:/home/student/ros2_industrial_ws/install/transferframes:/home/student/ros2_industrial_ws/install/template_package_python:/home/student/ros2_industrial_ws/install/template_interfaces:/home/student/ros2_industrial_ws/install/ros_industrial_utilities:/home/student/ros2_industrial_ws/install/ros_industrial_support:/home/student/ros2_industrial_ws/install/ros_industrial_sensors:/home/student/ros2_industrial_ws/install/ros_industrial_actuators:/home/student/ros2_industrial_ws/install/ros_industrial_msgs:/home/student/ros2_industrial_ws/install/ros_industrial_install:/home/student/ros2_industrial_ws/install/range_sensor_cpp:/home/student/ros2_industrial_ws/install/range_sensor:/home/student/ros2_industrial_ws/install/range_sensors_interfaces:/home/student/ros2_industrial_ws/install/node_demo:/home/student/ros2_industrial_ws/install/manipulation_moveit_config:/home/student/ros2_industrial_ws/install/manipulation:/home/student/ros2_industrial_ws/install/fanuc_robots:/opt/ros/jazzy CMAKE_PREFIX_PATH=${CMAKE_PREFIX_PATH}:/home/student/xarm_ws/install/uf_ros_lib:/home/student/my_depthai_ws/install/my_depthai_pose_estimation:/home/student/my_depthai_ws/install/my_depthai_python:/home/student/my_depthai_ws/install/my_depthai_object_tracking:/home/student/my_uf_ws/install/uf_ros_lib:/home/student/my_uf_ws/install/my_uf_demo:/home/student/my_uf_ws/install/my_uf_bringup:/home/student/ros2_industrial_ws/install/urdf_basics:/home/student/ros2_industrial_ws/install/transferframes:/home/student/ros2_industrial_ws/install/template_package_python:/home/student/ros2_industrial_ws/install/ros_industrial_utilities:/home/student/ros2_industrial_ws/install/ros_industrial_support:/home/student/ros2_industrial_ws/install/range_sensor:/home/student/ros2_industrial_ws/install/node_demo:/home/student/ros2_industrial_ws/install/manipulation:/home/student/ros2_industrial_ws/install/fanuc_robots:/opt/ros/jazzy DEBUGINFOD_URLS=https://debuginfod.ubuntu.com PYTHONPATH=/home/student/my_uf_ws/build/my_uf_description:/home/student/my_uf_ws/install/my_uf_description/lib/python3.12/site-packages:/home/student/xarm_ws/install/xarm_msgs/lib/python3.12/site-packages:/home/student/xarm_ws/build/uf_ros_lib:/home/student/xarm_ws/install/uf_ros_lib/lib/python3.12/site-packages:/home/student/my_uf_ws/build/my_uf_demo:/home/student/my_uf_ws/build/my_uf_bringup:/home/student/my_uf_ws/build/uf_ros_lib:/home/student/my_depthai_ws/build/my_depthai_pose_estimation:/home/student/my_depthai_ws/install/my_depthai_pose_estimation/lib/python3.12/site-packages:/home/student/my_depthai_ws/build/my_depthai_python:/home/student/my_depthai_ws/install/my_depthai_python/lib/python3.12/site-packages:/home/student/my_depthai_ws/build/my_depthai_object_tracking:/home/student/my_depthai_ws/install/my_depthai_object_tracking/lib/python3.12/site-packages:/home/student/my_depthai_ws/install/my_depthai_interfaces/lib/python3.12/site-packages:/home/student/my_uf_ws/install/xarm_msgs/lib/python3.12/site-packages:/home/student/my_uf_ws/install/uf_ros_lib/lib/python3.12/site-packages:/home/student/my_uf_ws/install/pymoveit2/lib/python3.12/site-packages:/home/student/my_uf_ws/install/my_uf_demo/lib/python3.12/site-packages:/home/student/my_uf_ws/install/my_uf_bringup/lib/python3.12/site-packages:/home/student/my_uf_ws/install/my_moveit_python/lib/python3.12/site-packages:/home/student/my_uf_ws/src/my_ufactory_ROS2/my_uf_description/install/my_uf_description/lib/python3.12/site-packages:/home/student/ros2_industrial_ws/src/ROS2_industrial/build/urdf_basics:/home/student/ros2_industrial_ws/install/urdf_basics/lib/python3.12/site-packages:/home/student/ros2_industrial_ws/src/ROS2_industrial/build/transferframes:/home/student/ros2_industrial_ws/install/transferframes/lib/python3.12/site-packages:/home/student/ros2_industrial_ws/src/ROS2_industrial/build/template_package_python:/home/student/ros2_industrial_ws/install/template_package_python/lib/python3.12/site-packages:/home/student/ros2_industrial_ws/install/template_interfaces/lib/python3.12/site-packages:/home/student/ros2_industrial_ws/src/ROS2_industrial/build/ros_industrial_utilities:/home/student/ros2_industrial_ws/install/ros_industrial_utilities/lib/python3.12/site-packages:/home/student/ros2_industrial_ws/src/ROS2_industrial/build/ros_industrial_support:/home/student/ros2_industrial_ws/install/ros_industrial_support/lib/python3.12/site-packages:/home/student/ros2_industrial_ws/install/ros_industrial_sensors/lib/python3.12/site-packages:/home/student/ros2_industrial_ws/install/ros_industrial_actuators/lib/python3.12/site-packages:/home/student/ros2_industrial_ws/install/ros_industrial_msgs/lib/python3.12/site-packages:/home/student/ros2_industrial_ws/src/ROS2_industrial/build/range_sensor:/home/student/ros2_industrial_ws/install/range_sensor/lib/python3.12/site-packages:/home/student/ros2_industrial_ws/install/range_sensors_interfaces/lib/python3.12/site-packages:/home/student/ros2_industrial_ws/src/ROS2_industrial/build/node_demo:/home/student/ros2_industrial_ws/install/node_demo/lib/python3.12/site-packages:/home/student/ros2_industrial_ws/src/ROS2_industrial/build/manipulation:/home/student/ros2_industrial_ws/install/manipulation/lib/python3.12/site-packages:/home/student/ros2_industrial_ws/src/ROS2_industrial/build/fanuc_robots:/home/student/ros2_industrial_ws/install/fanuc_robots/lib/python3.12/site-packages:/opt/ros/jazzy/lib/python3.12/site-packages /usr/bin/cmake --install /home/student/my_uf_ws/build/my_uf_moveit_config
[4.450s] Level 1:colcon.colcon_core.environment:checking '/home/student/my_uf_ws/install/my_uf_moveit_config' for CMake config files
[4.450s] Level 1:colcon.colcon_core.shell:create_environment_hook('my_uf_moveit_config', 'cmake_prefix_path')
[4.451s] INFO:colcon.colcon_core.shell:Creating environment hook '/home/student/my_uf_ws/install/my_uf_moveit_config/share/my_uf_moveit_config/hook/cmake_prefix_path.ps1'
[4.454s] INFO:colcon.colcon_core.shell:Creating environment descriptor '/home/student/my_uf_ws/install/my_uf_moveit_config/share/my_uf_moveit_config/hook/cmake_prefix_path.dsv'
[4.455s] INFO:colcon.colcon_core.shell:Creating environment hook '/home/student/my_uf_ws/install/my_uf_moveit_config/share/my_uf_moveit_config/hook/cmake_prefix_path.sh'
[4.462s] Level 1:colcon.colcon_core.environment:checking '/home/student/my_uf_ws/install/my_uf_moveit_config/bin'
[4.462s] Level 1:colcon.colcon_core.environment:checking '/home/student/my_uf_ws/install/my_uf_moveit_config/lib/pkgconfig/my_uf_moveit_config.pc'
[4.462s] Level 1:colcon.colcon_core.environment:checking '/home/student/my_uf_ws/install/my_uf_moveit_config/lib/python3.12/site-packages'
[4.465s] Level 1:colcon.colcon_core.environment:checking '/home/student/my_uf_ws/install/my_uf_moveit_config/bin'
[4.466s] INFO:colcon.colcon_core.shell:Creating package script '/home/student/my_uf_ws/install/my_uf_moveit_config/share/my_uf_moveit_config/package.ps1'
[4.478s] INFO:colcon.colcon_core.shell:Creating package descriptor '/home/student/my_uf_ws/install/my_uf_moveit_config/share/my_uf_moveit_config/package.dsv'
[4.479s] INFO:colcon.colcon_core.shell:Creating package script '/home/student/my_uf_ws/install/my_uf_moveit_config/share/my_uf_moveit_config/package.sh'
[4.482s] INFO:colcon.colcon_core.shell:Creating package script '/home/student/my_uf_ws/install/my_uf_moveit_config/share/my_uf_moveit_config/package.bash'
[4.486s] INFO:colcon.colcon_core.shell:Creating package script '/home/student/my_uf_ws/install/my_uf_moveit_config/share/my_uf_moveit_config/package.zsh'
[4.489s] Level 1:colcon.colcon_core.environment:create_file_with_runtime_dependencies(/home/student/my_uf_ws/install/my_uf_moveit_config/share/colcon-core/packages/my_uf_moveit_config)
[4.494s] Level 1:colcon.colcon_core.environment:create_environment_scripts_only(my_uf_moveit_config)
[4.495s] Level 1:colcon.colcon_core.environment:checking '/home/student/my_uf_ws/install/my_uf_moveit_config' for CMake module files
[4.496s] Level 1:colcon.colcon_core.environment:checking '/home/student/my_uf_ws/install/my_uf_moveit_config' for CMake config files
[4.501s] Level 1:colcon.colcon_core.shell:create_environment_hook('my_uf_moveit_config', 'cmake_prefix_path')
[4.501s] INFO:colcon.colcon_core.shell:Creating environment hook '/home/student/my_uf_ws/install/my_uf_moveit_config/share/my_uf_moveit_config/hook/cmake_prefix_path.ps1'
[4.502s] INFO:colcon.colcon_core.shell:Creating environment descriptor '/home/student/my_uf_ws/install/my_uf_moveit_config/share/my_uf_moveit_config/hook/cmake_prefix_path.dsv'
[4.503s] INFO:colcon.colcon_core.shell:Creating environment hook '/home/student/my_uf_ws/install/my_uf_moveit_config/share/my_uf_moveit_config/hook/cmake_prefix_path.sh'
[4.507s] Level 1:colcon.colcon_core.environment:checking '/home/student/my_uf_ws/install/my_uf_moveit_config/bin'
[4.508s] Level 1:colcon.colcon_core.environment:checking '/home/student/my_uf_ws/install/my_uf_moveit_config/lib/pkgconfig/my_uf_moveit_config.pc'
[4.508s] Level 1:colcon.colcon_core.environment:checking '/home/student/my_uf_ws/install/my_uf_moveit_config/lib/python3.12/site-packages'
[4.514s] Level 1:colcon.colcon_core.environment:checking '/home/student/my_uf_ws/install/my_uf_moveit_config/bin'
[4.514s] INFO:colcon.colcon_core.shell:Creating package script '/home/student/my_uf_ws/install/my_uf_moveit_config/share/my_uf_moveit_config/package.ps1'
[4.518s] INFO:colcon.colcon_core.shell:Creating package descriptor '/home/student/my_uf_ws/install/my_uf_moveit_config/share/my_uf_moveit_config/package.dsv'
[4.519s] INFO:colcon.colcon_core.shell:Creating package script '/home/student/my_uf_ws/install/my_uf_moveit_config/share/my_uf_moveit_config/package.sh'
[4.524s] INFO:colcon.colcon_core.shell:Creating package script '/home/student/my_uf_ws/install/my_uf_moveit_config/share/my_uf_moveit_config/package.bash'
[4.525s] INFO:colcon.colcon_core.shell:Creating package script '/home/student/my_uf_ws/install/my_uf_moveit_config/share/my_uf_moveit_config/package.zsh'
[4.526s] Level 1:colcon.colcon_core.environment:create_file_with_runtime_dependencies(/home/student/my_uf_ws/install/my_uf_moveit_config/share/colcon-core/packages/my_uf_moveit_config)
[4.949s] Level 1:colcon.colcon_core.shell:create_environment_hook('my_uf_demo', 'pythonpath_develop')
[4.949s] INFO:colcon.colcon_core.shell:Creating environment hook '/home/student/my_uf_ws/build/my_uf_demo/share/my_uf_demo/hook/pythonpath_develop.ps1'
[4.950s] DEBUG:colcon.colcon_core.event_handler.log_command:Invoked command in '/home/student/my_uf_ws/build/my_uf_demo' returned '0': DEBUGINFOD_URLS=https://debuginfod.ubuntu.com PYTHONPATH=/home/student/my_uf_ws/build/my_uf_demo/prefix_override:/usr/lib/python3/dist-packages/colcon_core/task/python/colcon_distutils_commands:/home/student/my_uf_ws/install/my_uf_demo/lib/python3.12/site-packages:${PYTHONPATH} /usr/bin/python3 -W ignore:setup.py install is deprecated -W ignore:easy_install command is deprecated setup.py develop --editable --build-directory /home/student/my_uf_ws/build/my_uf_demo/build --no-deps symlink_data
[4.950s] INFO:colcon.colcon_core.shell:Creating environment descriptor '/home/student/my_uf_ws/build/my_uf_demo/share/my_uf_demo/hook/pythonpath_develop.dsv'
[4.951s] INFO:colcon.colcon_core.shell:Creating environment hook '/home/student/my_uf_ws/build/my_uf_demo/share/my_uf_demo/hook/pythonpath_develop.sh'
[4.952s] Level 1:colcon.colcon_core.environment:checking '/home/student/my_uf_ws/install/my_uf_demo' for CMake module files
[4.952s] Level 1:colcon.colcon_core.environment:checking '/home/student/my_uf_ws/install/my_uf_demo' for CMake config files
[4.953s] Level 1:colcon.colcon_core.environment:checking '/home/student/my_uf_ws/install/my_uf_demo/lib'
[4.953s] Level 1:colcon.colcon_core.environment:checking '/home/student/my_uf_ws/install/my_uf_demo/bin'
[4.953s] Level 1:colcon.colcon_core.environment:checking '/home/student/my_uf_ws/install/my_uf_demo/lib/pkgconfig/my_uf_demo.pc'
[4.953s] Level 1:colcon.colcon_core.environment:checking '/home/student/my_uf_ws/install/my_uf_demo/lib/python3.12/site-packages'
[4.953s] Level 1:colcon.colcon_core.shell:create_environment_hook('my_uf_demo', 'pythonpath')
[4.954s] INFO:colcon.colcon_core.shell:Creating environment hook '/home/student/my_uf_ws/install/my_uf_demo/share/my_uf_demo/hook/pythonpath.ps1'
[4.954s] INFO:colcon.colcon_core.shell:Creating environment descriptor '/home/student/my_uf_ws/install/my_uf_demo/share/my_uf_demo/hook/pythonpath.dsv'
[4.955s] INFO:colcon.colcon_core.shell:Creating environment hook '/home/student/my_uf_ws/install/my_uf_demo/share/my_uf_demo/hook/pythonpath.sh'
[4.956s] Level 1:colcon.colcon_core.environment:checking '/home/student/my_uf_ws/install/my_uf_demo/bin'
[4.956s] Level 1:colcon.colcon_core.environment:create_environment_scripts_only(my_uf_demo)
[4.956s] INFO:colcon.colcon_core.shell:Creating package script '/home/student/my_uf_ws/install/my_uf_demo/share/my_uf_demo/package.ps1'
[4.957s] INFO:colcon.colcon_core.shell:Creating package descriptor '/home/student/my_uf_ws/install/my_uf_demo/share/my_uf_demo/package.dsv'
[4.957s] INFO:colcon.colcon_core.shell:Creating package script '/home/student/my_uf_ws/install/my_uf_demo/share/my_uf_demo/package.sh'
[4.958s] INFO:colcon.colcon_core.shell:Creating package script '/home/student/my_uf_ws/install/my_uf_demo/share/my_uf_demo/package.bash'
[4.958s] INFO:colcon.colcon_core.shell:Creating package script '/home/student/my_uf_ws/install/my_uf_demo/share/my_uf_demo/package.zsh'
[4.959s] Level 1:colcon.colcon_core.environment:create_file_with_runtime_dependencies(/home/student/my_uf_ws/install/my_uf_demo/share/colcon-core/packages/my_uf_demo)
[4.960s] DEBUG:colcon.colcon_parallel_executor.executor.parallel:closing loop
[4.960s] DEBUG:colcon.colcon_parallel_executor.executor.parallel:loop closed
[4.960s] DEBUG:colcon.colcon_parallel_executor.executor.parallel:run_until_complete finished with '0'
[4.960s] DEBUG:colcon.colcon_core.event_reactor:joining thread
[4.977s] INFO:colcon.colcon_core.plugin_system:Skipping extension 'colcon_notification.desktop_notification.terminal_notifier': Not used on non-Darwin systems
[4.977s] INFO:colcon.colcon_core.plugin_system:Skipping extension 'colcon_notification.desktop_notification.win32': Not used on non-Windows systems
[4.977s] INFO:colcon.colcon_notification.desktop_notification:Sending desktop notification using 'notify2'
[5.133s] DEBUG:colcon.colcon_core.event_reactor:joined thread
[5.133s] INFO:colcon.colcon_core.shell:Creating prefix script '/home/student/my_uf_ws/install/local_setup.ps1'
[5.134s] INFO:colcon.colcon_core.shell:Creating prefix util module '/home/student/my_uf_ws/install/_local_setup_util_ps1.py'
[5.136s] INFO:colcon.colcon_core.shell:Creating prefix chain script '/home/student/my_uf_ws/install/setup.ps1'
[5.141s] INFO:colcon.colcon_core.shell:Creating prefix script '/home/student/my_uf_ws/install/local_setup.sh'
[5.142s] INFO:colcon.colcon_core.shell:Creating prefix util module '/home/student/my_uf_ws/install/_local_setup_util_sh.py'
[5.143s] INFO:colcon.colcon_core.shell:Creating prefix chain script '/home/student/my_uf_ws/install/setup.sh'
[5.147s] INFO:colcon.colcon_core.shell:Creating prefix script '/home/student/my_uf_ws/install/local_setup.bash'
[5.148s] INFO:colcon.colcon_core.shell:Creating prefix chain script '/home/student/my_uf_ws/install/setup.bash'
[5.151s] INFO:colcon.colcon_core.shell:Creating prefix script '/home/student/my_uf_ws/install/local_setup.zsh'
[5.152s] INFO:colcon.colcon_core.shell:Creating prefix chain script '/home/student/my_uf_ws/install/setup.zsh'
