[0.187s] DEBUG:colcon:Command line arguments: ['/usr/bin/colcon', 'build', '--symlink-install']
[0.188s] DEBUG:colcon:Parsed command line arguments: Namespace(log_base=None, log_level=None, verb_name='build', build_base='build', install_base='install', merge_install=False, symlink_install=True, test_result_base=None, continue_on_error=False, executor='parallel', parallel_workers=4, event_handlers=None, ignore_user_meta=False, metas=['./colcon.meta'], base_paths=['.'], packages_ignore=None, packages_ignore_regex=None, paths=None, packages_up_to=None, packages_up_to_regex=None, packages_above=None, packages_above_and_dependencies=None, packages_above_depth=None, packages_select_by_dep=None, packages_skip_by_dep=None, packages_skip_up_to=None, packages_select_build_failed=False, packages_skip_build_finished=False, packages_select_test_failures=False, packages_skip_test_passed=False, packages_select=None, packages_skip=None, packages_select_regex=None, packages_skip_regex=None, packages_start=None, packages_end=None, allow_overriding=[], cmake_args=None, cmake_target=None, cmake_target_skip_unavailable=False, cmake_clean_cache=False, cmake_clean_first=False, cmake_force_configure=False, ament_cmake_args=None, catkin_cmake_args=None, catkin_skip_building_tests=False, mixin_files=None, mixin=None, verb_parser=<colcon_mixin.mixin.mixin_argument.MixinArgumentDecorator object at 0x737e187d5160>, verb_extension=<colcon_core.verb.build.BuildVerb object at 0x737e187d4ec0>, main=<bound method BuildVerb.main of <colcon_core.verb.build.BuildVerb object at 0x737e187d4ec0>>, mixin_verb=('build',))
[0.231s] Level 1:colcon.colcon_core.package_discovery:discover_packages(colcon_meta) check parameters
[0.231s] Level 1:colcon.colcon_core.package_discovery:discover_packages(recursive) check parameters
[0.231s] Level 1:colcon.colcon_core.package_discovery:discover_packages(ignore) check parameters
[0.231s] Level 1:colcon.colcon_core.package_discovery:discover_packages(path) check parameters
[0.231s] Level 1:colcon.colcon_core.package_discovery:discover_packages(colcon_meta) discover
[0.231s] Level 1:colcon.colcon_core.package_discovery:discover_packages(recursive) discover
[0.231s] INFO:colcon.colcon_core.package_discovery:Crawling recursively for packages in '/home/student/my_uf_ws'
[0.231s] Level 1:colcon.colcon_core.package_identification:_identify(.) by extensions ['ignore', 'ignore_ament_install']
[0.231s] Level 1:colcon.colcon_core.package_identification:_identify(.) by extension 'ignore'
[0.231s] Level 1:colcon.colcon_core.package_identification:_identify(.) by extension 'ignore_ament_install'
[0.231s] Level 1:colcon.colcon_core.package_identification:_identify(.) by extensions ['colcon_pkg']
[0.231s] Level 1:colcon.colcon_core.package_identification:_identify(.) by extension 'colcon_pkg'
[0.231s] Level 1:colcon.colcon_core.package_identification:_identify(.) by extensions ['colcon_meta']
[0.231s] Level 1:colcon.colcon_core.package_identification:_identify(.) by extension 'colcon_meta'
[0.231s] Level 1:colcon.colcon_core.package_identification:_identify(.) by extensions ['ros']
[0.231s] Level 1:colcon.colcon_core.package_identification:_identify(.) by extension 'ros'
[0.256s] Level 1:colcon.colcon_core.package_identification:_identify(.) by extensions ['cmake', 'python']
[0.256s] Level 1:colcon.colcon_core.package_identification:_identify(.) by extension 'cmake'
[0.256s] Level 1:colcon.colcon_core.package_identification:_identify(.) by extension 'python'
[0.256s] Level 1:colcon.colcon_core.package_identification:_identify(.) by extensions ['python_setup_py']
[0.256s] Level 1:colcon.colcon_core.package_identification:_identify(.) by extension 'python_setup_py'
[0.256s] Level 1:colcon.colcon_core.package_identification:_identify(build) by extensions ['ignore', 'ignore_ament_install']
[0.256s] Level 1:colcon.colcon_core.package_identification:_identify(build) by extension 'ignore'
[0.256s] Level 1:colcon.colcon_core.package_identification:_identify(build) ignored
[0.257s] Level 1:colcon.colcon_core.package_identification:_identify(install) by extensions ['ignore', 'ignore_ament_install']
[0.257s] Level 1:colcon.colcon_core.package_identification:_identify(install) by extension 'ignore'
[0.257s] Level 1:colcon.colcon_core.package_identification:_identify(install) ignored
[0.257s] Level 1:colcon.colcon_core.package_identification:_identify(log) by extensions ['ignore', 'ignore_ament_install']
[0.257s] Level 1:colcon.colcon_core.package_identification:_identify(log) by extension 'ignore'
[0.257s] Level 1:colcon.colcon_core.package_identification:_identify(log) ignored
[0.257s] Level 1:colcon.colcon_core.package_identification:_identify(src) by extensions ['ignore', 'ignore_ament_install']
[0.257s] Level 1:colcon.colcon_core.package_identification:_identify(src) by extension 'ignore'
[0.257s] Level 1:colcon.colcon_core.package_identification:_identify(src) by extension 'ignore_ament_install'
[0.257s] Level 1:colcon.colcon_core.package_identification:_identify(src) by extensions ['colcon_pkg']
[0.257s] Level 1:colcon.colcon_core.package_identification:_identify(src) by extension 'colcon_pkg'
[0.257s] Level 1:colcon.colcon_core.package_identification:_identify(src) by extensions ['colcon_meta']
[0.257s] Level 1:colcon.colcon_core.package_identification:_identify(src) by extension 'colcon_meta'
[0.257s] Level 1:colcon.colcon_core.package_identification:_identify(src) by extensions ['ros']
[0.257s] Level 1:colcon.colcon_core.package_identification:_identify(src) by extension 'ros'
[0.257s] Level 1:colcon.colcon_core.package_identification:_identify(src) by extensions ['cmake', 'python']
[0.257s] Level 1:colcon.colcon_core.package_identification:_identify(src) by extension 'cmake'
[0.258s] Level 1:colcon.colcon_core.package_identification:_identify(src) by extension 'python'
[0.258s] Level 1:colcon.colcon_core.package_identification:_identify(src) by extensions ['python_setup_py']
[0.258s] Level 1:colcon.colcon_core.package_identification:_identify(src) by extension 'python_setup_py'
[0.258s] Level 1:colcon.colcon_core.package_identification:_identify(src/my_moveit_python) by extensions ['ignore', 'ignore_ament_install']
[0.258s] Level 1:colcon.colcon_core.package_identification:_identify(src/my_moveit_python) by extension 'ignore'
[0.258s] Level 1:colcon.colcon_core.package_identification:_identify(src/my_moveit_python) by extension 'ignore_ament_install'
[0.258s] Level 1:colcon.colcon_core.package_identification:_identify(src/my_moveit_python) by extensions ['colcon_pkg']
[0.258s] Level 1:colcon.colcon_core.package_identification:_identify(src/my_moveit_python) by extension 'colcon_pkg'
[0.258s] Level 1:colcon.colcon_core.package_identification:_identify(src/my_moveit_python) by extensions ['colcon_meta']
[0.258s] Level 1:colcon.colcon_core.package_identification:_identify(src/my_moveit_python) by extension 'colcon_meta'
[0.258s] Level 1:colcon.colcon_core.package_identification:_identify(src/my_moveit_python) by extensions ['ros']
[0.258s] Level 1:colcon.colcon_core.package_identification:_identify(src/my_moveit_python) by extension 'ros'
[0.260s] DEBUG:colcon.colcon_core.package_identification:Package 'src/my_moveit_python' with type 'ros.ament_cmake' and name 'my_moveit_python'
[0.260s] Level 1:colcon.colcon_core.package_identification:_identify(src/my_ufactory_ROS2) by extensions ['ignore', 'ignore_ament_install']
[0.260s] Level 1:colcon.colcon_core.package_identification:_identify(src/my_ufactory_ROS2) by extension 'ignore'
[0.260s] Level 1:colcon.colcon_core.package_identification:_identify(src/my_ufactory_ROS2) by extension 'ignore_ament_install'
[0.260s] Level 1:colcon.colcon_core.package_identification:_identify(src/my_ufactory_ROS2) by extensions ['colcon_pkg']
[0.260s] Level 1:colcon.colcon_core.package_identification:_identify(src/my_ufactory_ROS2) by extension 'colcon_pkg'
[0.261s] Level 1:colcon.colcon_core.package_identification:_identify(src/my_ufactory_ROS2) by extensions ['colcon_meta']
[0.261s] Level 1:colcon.colcon_core.package_identification:_identify(src/my_ufactory_ROS2) by extension 'colcon_meta'
[0.261s] Level 1:colcon.colcon_core.package_identification:_identify(src/my_ufactory_ROS2) by extensions ['ros']
[0.261s] Level 1:colcon.colcon_core.package_identification:_identify(src/my_ufactory_ROS2) by extension 'ros'
[0.261s] Level 1:colcon.colcon_core.package_identification:_identify(src/my_ufactory_ROS2) by extensions ['cmake', 'python']
[0.261s] Level 1:colcon.colcon_core.package_identification:_identify(src/my_ufactory_ROS2) by extension 'cmake'
[0.261s] Level 1:colcon.colcon_core.package_identification:_identify(src/my_ufactory_ROS2) by extension 'python'
[0.261s] Level 1:colcon.colcon_core.package_identification:_identify(src/my_ufactory_ROS2) by extensions ['python_setup_py']
[0.261s] Level 1:colcon.colcon_core.package_identification:_identify(src/my_ufactory_ROS2) by extension 'python_setup_py'
[0.261s] Level 1:colcon.colcon_core.package_identification:_identify(src/my_ufactory_ROS2/chess) by extensions ['ignore', 'ignore_ament_install']
[0.261s] Level 1:colcon.colcon_core.package_identification:_identify(src/my_ufactory_ROS2/chess) by extension 'ignore'
[0.261s] Level 1:colcon.colcon_core.package_identification:_identify(src/my_ufactory_ROS2/chess) ignored
[0.261s] Level 1:colcon.colcon_core.package_identification:_identify(src/my_ufactory_ROS2/documentation) by extensions ['ignore', 'ignore_ament_install']
[0.261s] Level 1:colcon.colcon_core.package_identification:_identify(src/my_ufactory_ROS2/documentation) by extension 'ignore'
[0.261s] Level 1:colcon.colcon_core.package_identification:_identify(src/my_ufactory_ROS2/documentation) by extension 'ignore_ament_install'
[0.261s] Level 1:colcon.colcon_core.package_identification:_identify(src/my_ufactory_ROS2/documentation) by extensions ['colcon_pkg']
[0.261s] Level 1:colcon.colcon_core.package_identification:_identify(src/my_ufactory_ROS2/documentation) by extension 'colcon_pkg'
[0.261s] Level 1:colcon.colcon_core.package_identification:_identify(src/my_ufactory_ROS2/documentation) by extensions ['colcon_meta']
[0.262s] Level 1:colcon.colcon_core.package_identification:_identify(src/my_ufactory_ROS2/documentation) by extension 'colcon_meta'
[0.262s] Level 1:colcon.colcon_core.package_identification:_identify(src/my_ufactory_ROS2/documentation) by extensions ['ros']
[0.262s] Level 1:colcon.colcon_core.package_identification:_identify(src/my_ufactory_ROS2/documentation) by extension 'ros'
[0.262s] Level 1:colcon.colcon_core.package_identification:_identify(src/my_ufactory_ROS2/documentation) by extensions ['cmake', 'python']
[0.262s] Level 1:colcon.colcon_core.package_identification:_identify(src/my_ufactory_ROS2/documentation) by extension 'cmake'
[0.262s] Level 1:colcon.colcon_core.package_identification:_identify(src/my_ufactory_ROS2/documentation) by extension 'python'
[0.262s] Level 1:colcon.colcon_core.package_identification:_identify(src/my_ufactory_ROS2/documentation) by extensions ['python_setup_py']
[0.262s] Level 1:colcon.colcon_core.package_identification:_identify(src/my_ufactory_ROS2/documentation) by extension 'python_setup_py'
[0.262s] Level 1:colcon.colcon_core.package_identification:_identify(src/my_ufactory_ROS2/documentation/_static) by extensions ['ignore', 'ignore_ament_install']
[0.262s] Level 1:colcon.colcon_core.package_identification:_identify(src/my_ufactory_ROS2/documentation/_static) by extension 'ignore'
[0.262s] Level 1:colcon.colcon_core.package_identification:_identify(src/my_ufactory_ROS2/documentation/_static) by extension 'ignore_ament_install'
[0.262s] Level 1:colcon.colcon_core.package_identification:_identify(src/my_ufactory_ROS2/documentation/_static) by extensions ['colcon_pkg']
[0.262s] Level 1:colcon.colcon_core.package_identification:_identify(src/my_ufactory_ROS2/documentation/_static) by extension 'colcon_pkg'
[0.262s] Level 1:colcon.colcon_core.package_identification:_identify(src/my_ufactory_ROS2/documentation/_static) by extensions ['colcon_meta']
[0.262s] Level 1:colcon.colcon_core.package_identification:_identify(src/my_ufactory_ROS2/documentation/_static) by extension 'colcon_meta'
[0.262s] Level 1:colcon.colcon_core.package_identification:_identify(src/my_ufactory_ROS2/documentation/_static) by extensions ['ros']
[0.262s] Level 1:colcon.colcon_core.package_identification:_identify(src/my_ufactory_ROS2/documentation/_static) by extension 'ros'
[0.262s] Level 1:colcon.colcon_core.package_identification:_identify(src/my_ufactory_ROS2/documentation/_static) by extensions ['cmake', 'python']
[0.262s] Level 1:colcon.colcon_core.package_identification:_identify(src/my_ufactory_ROS2/documentation/_static) by extension 'cmake'
[0.262s] Level 1:colcon.colcon_core.package_identification:_identify(src/my_ufactory_ROS2/documentation/_static) by extension 'python'
[0.262s] Level 1:colcon.colcon_core.package_identification:_identify(src/my_ufactory_ROS2/documentation/_static) by extensions ['python_setup_py']
[0.263s] Level 1:colcon.colcon_core.package_identification:_identify(src/my_ufactory_ROS2/documentation/_static) by extension 'python_setup_py'
[0.263s] Level 1:colcon.colcon_core.package_identification:_identify(src/my_ufactory_ROS2/documentation/documentation) by extensions ['ignore', 'ignore_ament_install']
[0.263s] Level 1:colcon.colcon_core.package_identification:_identify(src/my_ufactory_ROS2/documentation/documentation) by extension 'ignore'
[0.263s] Level 1:colcon.colcon_core.package_identification:_identify(src/my_ufactory_ROS2/documentation/documentation) by extension 'ignore_ament_install'
[0.263s] Level 1:colcon.colcon_core.package_identification:_identify(src/my_ufactory_ROS2/documentation/documentation) by extensions ['colcon_pkg']
[0.263s] Level 1:colcon.colcon_core.package_identification:_identify(src/my_ufactory_ROS2/documentation/documentation) by extension 'colcon_pkg'
[0.263s] Level 1:colcon.colcon_core.package_identification:_identify(src/my_ufactory_ROS2/documentation/documentation) by extensions ['colcon_meta']
[0.263s] Level 1:colcon.colcon_core.package_identification:_identify(src/my_ufactory_ROS2/documentation/documentation) by extension 'colcon_meta'
[0.263s] Level 1:colcon.colcon_core.package_identification:_identify(src/my_ufactory_ROS2/documentation/documentation) by extensions ['ros']
[0.263s] Level 1:colcon.colcon_core.package_identification:_identify(src/my_ufactory_ROS2/documentation/documentation) by extension 'ros'
[0.263s] Level 1:colcon.colcon_core.package_identification:_identify(src/my_ufactory_ROS2/documentation/documentation) by extensions ['cmake', 'python']
[0.263s] Level 1:colcon.colcon_core.package_identification:_identify(src/my_ufactory_ROS2/documentation/documentation) by extension 'cmake'
[0.263s] Level 1:colcon.colcon_core.package_identification:_identify(src/my_ufactory_ROS2/documentation/documentation) by extension 'python'
[0.263s] Level 1:colcon.colcon_core.package_identification:_identify(src/my_ufactory_ROS2/documentation/documentation) by extensions ['python_setup_py']
[0.263s] Level 1:colcon.colcon_core.package_identification:_identify(src/my_ufactory_ROS2/documentation/documentation) by extension 'python_setup_py'
[0.263s] Level 1:colcon.colcon_core.package_identification:_identify(src/my_ufactory_ROS2/documentation/images) by extensions ['ignore', 'ignore_ament_install']
[0.263s] Level 1:colcon.colcon_core.package_identification:_identify(src/my_ufactory_ROS2/documentation/images) by extension 'ignore'
[0.263s] Level 1:colcon.colcon_core.package_identification:_identify(src/my_ufactory_ROS2/documentation/images) by extension 'ignore_ament_install'
[0.264s] Level 1:colcon.colcon_core.package_identification:_identify(src/my_ufactory_ROS2/documentation/images) by extensions ['colcon_pkg']
[0.264s] Level 1:colcon.colcon_core.package_identification:_identify(src/my_ufactory_ROS2/documentation/images) by extension 'colcon_pkg'
[0.264s] Level 1:colcon.colcon_core.package_identification:_identify(src/my_ufactory_ROS2/documentation/images) by extensions ['colcon_meta']
[0.264s] Level 1:colcon.colcon_core.package_identification:_identify(src/my_ufactory_ROS2/documentation/images) by extension 'colcon_meta'
[0.264s] Level 1:colcon.colcon_core.package_identification:_identify(src/my_ufactory_ROS2/documentation/images) by extensions ['ros']
[0.264s] Level 1:colcon.colcon_core.package_identification:_identify(src/my_ufactory_ROS2/documentation/images) by extension 'ros'
[0.264s] Level 1:colcon.colcon_core.package_identification:_identify(src/my_ufactory_ROS2/documentation/images) by extensions ['cmake', 'python']
[0.264s] Level 1:colcon.colcon_core.package_identification:_identify(src/my_ufactory_ROS2/documentation/images) by extension 'cmake'
[0.264s] Level 1:colcon.colcon_core.package_identification:_identify(src/my_ufactory_ROS2/documentation/images) by extension 'python'
[0.264s] Level 1:colcon.colcon_core.package_identification:_identify(src/my_ufactory_ROS2/documentation/images) by extensions ['python_setup_py']
[0.264s] Level 1:colcon.colcon_core.package_identification:_identify(src/my_ufactory_ROS2/documentation/images) by extension 'python_setup_py'
[0.264s] Level 1:colcon.colcon_core.package_identification:_identify(src/my_ufactory_ROS2/install) by extensions ['ignore', 'ignore_ament_install']
[0.264s] Level 1:colcon.colcon_core.package_identification:_identify(src/my_ufactory_ROS2/install) by extension 'ignore'
[0.264s] Level 1:colcon.colcon_core.package_identification:_identify(src/my_ufactory_ROS2/install) by extension 'ignore_ament_install'
[0.264s] Level 1:colcon.colcon_core.package_identification:_identify(src/my_ufactory_ROS2/install) by extensions ['colcon_pkg']
[0.264s] Level 1:colcon.colcon_core.package_identification:_identify(src/my_ufactory_ROS2/install) by extension 'colcon_pkg'
[0.264s] Level 1:colcon.colcon_core.package_identification:_identify(src/my_ufactory_ROS2/install) by extensions ['colcon_meta']
[0.264s] Level 1:colcon.colcon_core.package_identification:_identify(src/my_ufactory_ROS2/install) by extension 'colcon_meta'
[0.264s] Level 1:colcon.colcon_core.package_identification:_identify(src/my_ufactory_ROS2/install) by extensions ['ros']
[0.264s] Level 1:colcon.colcon_core.package_identification:_identify(src/my_ufactory_ROS2/install) by extension 'ros'
[0.264s] Level 1:colcon.colcon_core.package_identification:_identify(src/my_ufactory_ROS2/install) by extensions ['cmake', 'python']
[0.265s] Level 1:colcon.colcon_core.package_identification:_identify(src/my_ufactory_ROS2/install) by extension 'cmake'
[0.265s] Level 1:colcon.colcon_core.package_identification:_identify(src/my_ufactory_ROS2/install) by extension 'python'
[0.265s] Level 1:colcon.colcon_core.package_identification:_identify(src/my_ufactory_ROS2/install) by extensions ['python_setup_py']
[0.265s] Level 1:colcon.colcon_core.package_identification:_identify(src/my_ufactory_ROS2/install) by extension 'python_setup_py'
[0.265s] Level 1:colcon.colcon_core.package_identification:_identify(src/my_ufactory_ROS2/my_uf) by extensions ['ignore', 'ignore_ament_install']
[0.265s] Level 1:colcon.colcon_core.package_identification:_identify(src/my_ufactory_ROS2/my_uf) by extension 'ignore'
[0.265s] Level 1:colcon.colcon_core.package_identification:_identify(src/my_ufactory_ROS2/my_uf) by extension 'ignore_ament_install'
[0.265s] Level 1:colcon.colcon_core.package_identification:_identify(src/my_ufactory_ROS2/my_uf) by extensions ['colcon_pkg']
[0.265s] Level 1:colcon.colcon_core.package_identification:_identify(src/my_ufactory_ROS2/my_uf) by extension 'colcon_pkg'
[0.265s] Level 1:colcon.colcon_core.package_identification:_identify(src/my_ufactory_ROS2/my_uf) by extensions ['colcon_meta']
[0.265s] Level 1:colcon.colcon_core.package_identification:_identify(src/my_ufactory_ROS2/my_uf) by extension 'colcon_meta'
[0.265s] Level 1:colcon.colcon_core.package_identification:_identify(src/my_ufactory_ROS2/my_uf) by extensions ['ros']
[0.265s] Level 1:colcon.colcon_core.package_identification:_identify(src/my_ufactory_ROS2/my_uf) by extension 'ros'
[0.266s] DEBUG:colcon.colcon_core.package_identification:Package 'src/my_ufactory_ROS2/my_uf' with type 'ros.ament_cmake' and name 'my_uf'
[0.267s] Level 1:colcon.colcon_core.package_identification:_identify(src/my_ufactory_ROS2/my_uf_bringup) by extensions ['ignore', 'ignore_ament_install']
[0.267s] Level 1:colcon.colcon_core.package_identification:_identify(src/my_ufactory_ROS2/my_uf_bringup) by extension 'ignore'
[0.267s] Level 1:colcon.colcon_core.package_identification:_identify(src/my_ufactory_ROS2/my_uf_bringup) by extension 'ignore_ament_install'
[0.267s] Level 1:colcon.colcon_core.package_identification:_identify(src/my_ufactory_ROS2/my_uf_bringup) by extensions ['colcon_pkg']
[0.267s] Level 1:colcon.colcon_core.package_identification:_identify(src/my_ufactory_ROS2/my_uf_bringup) by extension 'colcon_pkg'
[0.267s] Level 1:colcon.colcon_core.package_identification:_identify(src/my_ufactory_ROS2/my_uf_bringup) by extensions ['colcon_meta']
[0.267s] Level 1:colcon.colcon_core.package_identification:_identify(src/my_ufactory_ROS2/my_uf_bringup) by extension 'colcon_meta'
[0.267s] Level 1:colcon.colcon_core.package_identification:_identify(src/my_ufactory_ROS2/my_uf_bringup) by extensions ['ros']
[0.267s] Level 1:colcon.colcon_core.package_identification:_identify(src/my_ufactory_ROS2/my_uf_bringup) by extension 'ros'
[0.267s] DEBUG:colcon.colcon_core.package_identification:Package 'src/my_ufactory_ROS2/my_uf_bringup' with type 'ros.ament_python' and name 'my_uf_bringup'
[0.268s] Level 1:colcon.colcon_core.package_identification:_identify(src/my_ufactory_ROS2/my_uf_demo) by extensions ['ignore', 'ignore_ament_install']
[0.268s] Level 1:colcon.colcon_core.package_identification:_identify(src/my_ufactory_ROS2/my_uf_demo) by extension 'ignore'
[0.268s] Level 1:colcon.colcon_core.package_identification:_identify(src/my_ufactory_ROS2/my_uf_demo) by extension 'ignore_ament_install'
[0.268s] Level 1:colcon.colcon_core.package_identification:_identify(src/my_ufactory_ROS2/my_uf_demo) by extensions ['colcon_pkg']
[0.268s] Level 1:colcon.colcon_core.package_identification:_identify(src/my_ufactory_ROS2/my_uf_demo) by extension 'colcon_pkg'
[0.268s] Level 1:colcon.colcon_core.package_identification:_identify(src/my_ufactory_ROS2/my_uf_demo) by extensions ['colcon_meta']
[0.268s] Level 1:colcon.colcon_core.package_identification:_identify(src/my_ufactory_ROS2/my_uf_demo) by extension 'colcon_meta'
[0.268s] Level 1:colcon.colcon_core.package_identification:_identify(src/my_ufactory_ROS2/my_uf_demo) by extensions ['ros']
[0.268s] Level 1:colcon.colcon_core.package_identification:_identify(src/my_ufactory_ROS2/my_uf_demo) by extension 'ros'
[0.268s] DEBUG:colcon.colcon_core.package_identification:Package 'src/my_ufactory_ROS2/my_uf_demo' with type 'ros.ament_python' and name 'my_uf_demo'
[0.268s] Level 1:colcon.colcon_core.package_identification:_identify(src/my_ufactory_ROS2/my_uf_demo_cpp) by extensions ['ignore', 'ignore_ament_install']
[0.269s] Level 1:colcon.colcon_core.package_identification:_identify(src/my_ufactory_ROS2/my_uf_demo_cpp) by extension 'ignore'
[0.269s] Level 1:colcon.colcon_core.package_identification:_identify(src/my_ufactory_ROS2/my_uf_demo_cpp) ignored
[0.269s] Level 1:colcon.colcon_core.package_identification:_identify(src/my_ufactory_ROS2/my_uf_description) by extensions ['ignore', 'ignore_ament_install']
[0.269s] Level 1:colcon.colcon_core.package_identification:_identify(src/my_ufactory_ROS2/my_uf_description) by extension 'ignore'
[0.269s] Level 1:colcon.colcon_core.package_identification:_identify(src/my_ufactory_ROS2/my_uf_description) by extension 'ignore_ament_install'
[0.269s] Level 1:colcon.colcon_core.package_identification:_identify(src/my_ufactory_ROS2/my_uf_description) by extensions ['colcon_pkg']
[0.269s] Level 1:colcon.colcon_core.package_identification:_identify(src/my_ufactory_ROS2/my_uf_description) by extension 'colcon_pkg'
[0.269s] Level 1:colcon.colcon_core.package_identification:_identify(src/my_ufactory_ROS2/my_uf_description) by extensions ['colcon_meta']
[0.269s] Level 1:colcon.colcon_core.package_identification:_identify(src/my_ufactory_ROS2/my_uf_description) by extension 'colcon_meta'
[0.269s] Level 1:colcon.colcon_core.package_identification:_identify(src/my_ufactory_ROS2/my_uf_description) by extensions ['ros']
[0.269s] Level 1:colcon.colcon_core.package_identification:_identify(src/my_ufactory_ROS2/my_uf_description) by extension 'ros'
[0.269s] DEBUG:colcon.colcon_core.package_identification:Package 'src/my_ufactory_ROS2/my_uf_description' with type 'ros.ament_python' and name 'my_uf_description'
[0.270s] Level 1:colcon.colcon_core.package_identification:_identify(src/my_ufactory_ROS2/my_uf_moveit_config) by extensions ['ignore', 'ignore_ament_install']
[0.270s] Level 1:colcon.colcon_core.package_identification:_identify(src/my_ufactory_ROS2/my_uf_moveit_config) by extension 'ignore'
[0.270s] Level 1:colcon.colcon_core.package_identification:_identify(src/my_ufactory_ROS2/my_uf_moveit_config) by extension 'ignore_ament_install'
[0.270s] Level 1:colcon.colcon_core.package_identification:_identify(src/my_ufactory_ROS2/my_uf_moveit_config) by extensions ['colcon_pkg']
[0.270s] Level 1:colcon.colcon_core.package_identification:_identify(src/my_ufactory_ROS2/my_uf_moveit_config) by extension 'colcon_pkg'
[0.270s] Level 1:colcon.colcon_core.package_identification:_identify(src/my_ufactory_ROS2/my_uf_moveit_config) by extensions ['colcon_meta']
[0.270s] Level 1:colcon.colcon_core.package_identification:_identify(src/my_ufactory_ROS2/my_uf_moveit_config) by extension 'colcon_meta'
[0.270s] Level 1:colcon.colcon_core.package_identification:_identify(src/my_ufactory_ROS2/my_uf_moveit_config) by extensions ['ros']
[0.270s] Level 1:colcon.colcon_core.package_identification:_identify(src/my_ufactory_ROS2/my_uf_moveit_config) by extension 'ros'
[0.271s] DEBUG:colcon.colcon_core.package_identification:Package 'src/my_ufactory_ROS2/my_uf_moveit_config' with type 'ros.ament_cmake' and name 'my_uf_moveit_config'
[0.271s] Level 1:colcon.colcon_core.package_identification:_identify(src/pymoveit2) by extensions ['ignore', 'ignore_ament_install']
[0.271s] Level 1:colcon.colcon_core.package_identification:_identify(src/pymoveit2) by extension 'ignore'
[0.271s] Level 1:colcon.colcon_core.package_identification:_identify(src/pymoveit2) by extension 'ignore_ament_install'
[0.271s] Level 1:colcon.colcon_core.package_identification:_identify(src/pymoveit2) by extensions ['colcon_pkg']
[0.271s] Level 1:colcon.colcon_core.package_identification:_identify(src/pymoveit2) by extension 'colcon_pkg'
[0.271s] Level 1:colcon.colcon_core.package_identification:_identify(src/pymoveit2) by extensions ['colcon_meta']
[0.271s] Level 1:colcon.colcon_core.package_identification:_identify(src/pymoveit2) by extension 'colcon_meta'
[0.271s] Level 1:colcon.colcon_core.package_identification:_identify(src/pymoveit2) by extensions ['ros']
[0.271s] Level 1:colcon.colcon_core.package_identification:_identify(src/pymoveit2) by extension 'ros'
[0.272s] DEBUG:colcon.colcon_core.package_identification:Package 'src/pymoveit2' with type 'ros.ament_cmake' and name 'pymoveit2'
[0.272s] Level 1:colcon.colcon_core.package_discovery:discover_packages(recursive) using defaults
[0.272s] Level 1:colcon.colcon_core.package_discovery:discover_packages(ignore) discover
[0.272s] Level 1:colcon.colcon_core.package_discovery:discover_packages(ignore) using defaults
[0.272s] Level 1:colcon.colcon_core.package_discovery:discover_packages(path) discover
[0.272s] Level 1:colcon.colcon_core.package_discovery:discover_packages(path) using defaults
[0.302s] Level 1:colcon.colcon_core.package_discovery:discover_packages(prefix_path) check parameters
[0.302s] Level 1:colcon.colcon_core.package_discovery:discover_packages(prefix_path) discover
[0.304s] WARNING:colcon.colcon_core.prefix_path.colcon:The path '/home/student/my_uf_ws/src/my_ufactory_ROS2/my_uf_description/install' in the environment variable COLCON_PREFIX_PATH doesn't exist
[0.305s] WARNING:colcon.colcon_ros.prefix_path.ament:The path '/home/student/my_uf_ws/install/xarm_planner' in the environment variable AMENT_PREFIX_PATH doesn't exist
[0.305s] WARNING:colcon.colcon_ros.prefix_path.ament:The path '/home/student/my_uf_ws/install/xarm_moveit_servo' in the environment variable AMENT_PREFIX_PATH doesn't exist
[0.305s] WARNING:colcon.colcon_ros.prefix_path.ament:The path '/home/student/my_uf_ws/install/xarm_moveit_config' in the environment variable AMENT_PREFIX_PATH doesn't exist
[0.305s] WARNING:colcon.colcon_ros.prefix_path.ament:The path '/home/student/my_uf_ws/install/xarm_gazebo' in the environment variable AMENT_PREFIX_PATH doesn't exist
[0.305s] WARNING:colcon.colcon_ros.prefix_path.ament:The path '/home/student/my_uf_ws/install/xarm_controller' in the environment variable AMENT_PREFIX_PATH doesn't exist
[0.305s] WARNING:colcon.colcon_ros.prefix_path.ament:The path '/home/student/my_uf_ws/install/xarm_api' in the environment variable AMENT_PREFIX_PATH doesn't exist
[0.305s] WARNING:colcon.colcon_ros.prefix_path.ament:The path '/home/student/my_uf_ws/install/xarm_sdk' in the environment variable AMENT_PREFIX_PATH doesn't exist
[0.305s] WARNING:colcon.colcon_ros.prefix_path.ament:The path '/home/student/my_uf_ws/install/xarm_msgs' in the environment variable AMENT_PREFIX_PATH doesn't exist
[0.305s] WARNING:colcon.colcon_ros.prefix_path.ament:The path '/home/student/my_uf_ws/install/xarm_description' in the environment variable AMENT_PREFIX_PATH doesn't exist
[0.305s] WARNING:colcon.colcon_ros.prefix_path.ament:The path '/home/student/my_uf_ws/install/mbot_demo' in the environment variable AMENT_PREFIX_PATH doesn't exist
[0.305s] WARNING:colcon.colcon_ros.prefix_path.ament:The path '/home/student/my_uf_ws/install/uf_ros_lib' in the environment variable AMENT_PREFIX_PATH doesn't exist
[0.305s] WARNING:colcon.colcon_ros.prefix_path.ament:The path '/home/student/my_uf_ws/install/realsense_gazebo_plugin' in the environment variable AMENT_PREFIX_PATH doesn't exist
[0.305s] WARNING:colcon.colcon_ros.prefix_path.ament:The path '/home/student/my_uf_ws/install/pymoveit2' in the environment variable AMENT_PREFIX_PATH doesn't exist
[0.305s] WARNING:colcon.colcon_ros.prefix_path.ament:The path '/home/student/my_uf_ws/install/my_uf_moveit_config' in the environment variable AMENT_PREFIX_PATH doesn't exist
[0.305s] WARNING:colcon.colcon_ros.prefix_path.ament:The path '/home/student/my_uf_ws/install/my_uf_description' in the environment variable AMENT_PREFIX_PATH doesn't exist
[0.305s] WARNING:colcon.colcon_ros.prefix_path.ament:The path '/home/student/my_uf_ws/install/my_uf_demo' in the environment variable AMENT_PREFIX_PATH doesn't exist
[0.305s] WARNING:colcon.colcon_ros.prefix_path.ament:The path '/home/student/my_uf_ws/install/my_uf_bringup' in the environment variable AMENT_PREFIX_PATH doesn't exist
[0.305s] WARNING:colcon.colcon_ros.prefix_path.ament:The path '/home/student/my_uf_ws/install/my_uf' in the environment variable AMENT_PREFIX_PATH doesn't exist
[0.305s] WARNING:colcon.colcon_ros.prefix_path.ament:The path '/home/student/my_uf_ws/install/my_moveit_python' in the environment variable AMENT_PREFIX_PATH doesn't exist
[0.305s] WARNING:colcon.colcon_ros.prefix_path.ament:The path '/home/student/my_uf_ws/src/my_ufactory_ROS2/my_uf_description/install/my_uf_description' in the environment variable AMENT_PREFIX_PATH doesn't exist
[0.306s] WARNING:colcon.colcon_ros.prefix_path.catkin:The path '/home/student/my_uf_ws/install/xarm_planner' in the environment variable CMAKE_PREFIX_PATH doesn't exist
[0.306s] WARNING:colcon.colcon_ros.prefix_path.catkin:The path '/home/student/my_uf_ws/install/xarm_moveit_servo' in the environment variable CMAKE_PREFIX_PATH doesn't exist
[0.306s] WARNING:colcon.colcon_ros.prefix_path.catkin:The path '/home/student/my_uf_ws/install/xarm_moveit_config' in the environment variable CMAKE_PREFIX_PATH doesn't exist
[0.306s] WARNING:colcon.colcon_ros.prefix_path.catkin:The path '/home/student/my_uf_ws/install/xarm_gazebo' in the environment variable CMAKE_PREFIX_PATH doesn't exist
[0.306s] WARNING:colcon.colcon_ros.prefix_path.catkin:The path '/home/student/my_uf_ws/install/xarm_controller' in the environment variable CMAKE_PREFIX_PATH doesn't exist
[0.306s] WARNING:colcon.colcon_ros.prefix_path.catkin:The path '/home/student/my_uf_ws/install/xarm_api' in the environment variable CMAKE_PREFIX_PATH doesn't exist
[0.306s] WARNING:colcon.colcon_ros.prefix_path.catkin:The path '/home/student/my_uf_ws/install/xarm_sdk' in the environment variable CMAKE_PREFIX_PATH doesn't exist
[0.306s] WARNING:colcon.colcon_ros.prefix_path.catkin:The path '/home/student/my_uf_ws/install/xarm_msgs' in the environment variable CMAKE_PREFIX_PATH doesn't exist
[0.306s] WARNING:colcon.colcon_ros.prefix_path.catkin:The path '/home/student/my_uf_ws/install/xarm_description' in the environment variable CMAKE_PREFIX_PATH doesn't exist
[0.306s] WARNING:colcon.colcon_ros.prefix_path.catkin:The path '/home/student/my_uf_ws/install/mbot_demo' in the environment variable CMAKE_PREFIX_PATH doesn't exist
[0.306s] WARNING:colcon.colcon_ros.prefix_path.catkin:The path '/home/student/my_uf_ws/install/realsense_gazebo_plugin' in the environment variable CMAKE_PREFIX_PATH doesn't exist
[0.306s] WARNING:colcon.colcon_ros.prefix_path.catkin:The path '/home/student/my_uf_ws/install/pymoveit2' in the environment variable CMAKE_PREFIX_PATH doesn't exist
[0.306s] WARNING:colcon.colcon_ros.prefix_path.catkin:The path '/home/student/my_uf_ws/install/my_uf_moveit_config' in the environment variable CMAKE_PREFIX_PATH doesn't exist
[0.306s] WARNING:colcon.colcon_ros.prefix_path.catkin:The path '/home/student/my_uf_ws/install/my_uf_description' in the environment variable CMAKE_PREFIX_PATH doesn't exist
[0.306s] WARNING:colcon.colcon_ros.prefix_path.catkin:The path '/home/student/my_uf_ws/install/my_uf' in the environment variable CMAKE_PREFIX_PATH doesn't exist
[0.307s] WARNING:colcon.colcon_ros.prefix_path.catkin:The path '/home/student/my_uf_ws/install/my_moveit_python' in the environment variable CMAKE_PREFIX_PATH doesn't exist
[0.307s] WARNING:colcon.colcon_ros.prefix_path.catkin:The path '/home/student/my_uf_ws/src/my_ufactory_ROS2/my_uf_description/install/my_uf_description' in the environment variable CMAKE_PREFIX_PATH doesn't exist
[0.308s] DEBUG:colcon.colcon_installed_package_information.package_discovery:Found 0 installed packages in /home/student/my_uf_ws/install
[0.309s] DEBUG:colcon.colcon_installed_package_information.package_discovery:Found 5 installed packages in /home/student/my_depthai_ws/install
[0.309s] DEBUG:colcon.colcon_installed_package_information.package_discovery:Found 1 installed packages in /home/student/microROS_agent_ws/src/install
[0.310s] DEBUG:colcon.colcon_installed_package_information.package_discovery:Found 18 installed packages in /home/student/ros2_industrial_ws/install
[0.313s] DEBUG:colcon.colcon_installed_package_information.package_discovery:Found 407 installed packages in /opt/ros/jazzy
[0.313s] Level 1:colcon.colcon_core.package_discovery:discover_packages(prefix_path) using defaults
[0.380s] Level 5:colcon.colcon_core.verb:set package 'my_moveit_python' build argument 'cmake_args' from command line to 'None'
[0.380s] Level 5:colcon.colcon_core.verb:set package 'my_moveit_python' build argument 'cmake_target' from command line to 'None'
[0.380s] Level 5:colcon.colcon_core.verb:set package 'my_moveit_python' build argument 'cmake_target_skip_unavailable' from command line to 'False'
[0.380s] Level 5:colcon.colcon_core.verb:set package 'my_moveit_python' build argument 'cmake_clean_cache' from command line to 'False'
[0.380s] Level 5:colcon.colcon_core.verb:set package 'my_moveit_python' build argument 'cmake_clean_first' from command line to 'False'
[0.380s] Level 5:colcon.colcon_core.verb:set package 'my_moveit_python' build argument 'cmake_force_configure' from command line to 'False'
[0.380s] Level 5:colcon.colcon_core.verb:set package 'my_moveit_python' build argument 'ament_cmake_args' from command line to 'None'
[0.380s] Level 5:colcon.colcon_core.verb:set package 'my_moveit_python' build argument 'catkin_cmake_args' from command line to 'None'
[0.380s] Level 5:colcon.colcon_core.verb:set package 'my_moveit_python' build argument 'catkin_skip_building_tests' from command line to 'False'
[0.381s] DEBUG:colcon.colcon_core.verb:Building package 'my_moveit_python' with the following arguments: {'ament_cmake_args': None, 'build_base': '/home/student/my_uf_ws/build/my_moveit_python', 'catkin_cmake_args': None, 'catkin_skip_building_tests': False, 'cmake_args': None, 'cmake_clean_cache': False, 'cmake_clean_first': False, 'cmake_force_configure': False, 'cmake_target': None, 'cmake_target_skip_unavailable': False, 'install_base': '/home/student/my_uf_ws/install/my_moveit_python', 'merge_install': False, 'path': '/home/student/my_uf_ws/src/my_moveit_python', 'symlink_install': True, 'test_result_base': None}
[0.381s] Level 5:colcon.colcon_core.verb:set package 'my_uf' build argument 'cmake_args' from command line to 'None'
[0.381s] Level 5:colcon.colcon_core.verb:set package 'my_uf' build argument 'cmake_target' from command line to 'None'
[0.381s] Level 5:colcon.colcon_core.verb:set package 'my_uf' build argument 'cmake_target_skip_unavailable' from command line to 'False'
[0.381s] Level 5:colcon.colcon_core.verb:set package 'my_uf' build argument 'cmake_clean_cache' from command line to 'False'
[0.381s] Level 5:colcon.colcon_core.verb:set package 'my_uf' build argument 'cmake_clean_first' from command line to 'False'
[0.381s] Level 5:colcon.colcon_core.verb:set package 'my_uf' build argument 'cmake_force_configure' from command line to 'False'
[0.381s] Level 5:colcon.colcon_core.verb:set package 'my_uf' build argument 'ament_cmake_args' from command line to 'None'
[0.381s] Level 5:colcon.colcon_core.verb:set package 'my_uf' build argument 'catkin_cmake_args' from command line to 'None'
[0.381s] Level 5:colcon.colcon_core.verb:set package 'my_uf' build argument 'catkin_skip_building_tests' from command line to 'False'
[0.381s] DEBUG:colcon.colcon_core.verb:Building package 'my_uf' with the following arguments: {'ament_cmake_args': None, 'build_base': '/home/student/my_uf_ws/build/my_uf', 'catkin_cmake_args': None, 'catkin_skip_building_tests': False, 'cmake_args': None, 'cmake_clean_cache': False, 'cmake_clean_first': False, 'cmake_force_configure': False, 'cmake_target': None, 'cmake_target_skip_unavailable': False, 'install_base': '/home/student/my_uf_ws/install/my_uf', 'merge_install': False, 'path': '/home/student/my_uf_ws/src/my_ufactory_ROS2/my_uf', 'symlink_install': True, 'test_result_base': None}
[0.381s] Level 5:colcon.colcon_core.verb:set package 'my_uf_bringup' build argument 'cmake_args' from command line to 'None'
[0.381s] Level 5:colcon.colcon_core.verb:set package 'my_uf_bringup' build argument 'cmake_target' from command line to 'None'
[0.381s] Level 5:colcon.colcon_core.verb:set package 'my_uf_bringup' build argument 'cmake_target_skip_unavailable' from command line to 'False'
[0.381s] Level 5:colcon.colcon_core.verb:set package 'my_uf_bringup' build argument 'cmake_clean_cache' from command line to 'False'
[0.381s] Level 5:colcon.colcon_core.verb:set package 'my_uf_bringup' build argument 'cmake_clean_first' from command line to 'False'
[0.381s] Level 5:colcon.colcon_core.verb:set package 'my_uf_bringup' build argument 'cmake_force_configure' from command line to 'False'
[0.381s] Level 5:colcon.colcon_core.verb:set package 'my_uf_bringup' build argument 'ament_cmake_args' from command line to 'None'
[0.381s] Level 5:colcon.colcon_core.verb:set package 'my_uf_bringup' build argument 'catkin_cmake_args' from command line to 'None'
[0.381s] Level 5:colcon.colcon_core.verb:set package 'my_uf_bringup' build argument 'catkin_skip_building_tests' from command line to 'False'
[0.381s] DEBUG:colcon.colcon_core.verb:Building package 'my_uf_bringup' with the following arguments: {'ament_cmake_args': None, 'build_base': '/home/student/my_uf_ws/build/my_uf_bringup', 'catkin_cmake_args': None, 'catkin_skip_building_tests': False, 'cmake_args': None, 'cmake_clean_cache': False, 'cmake_clean_first': False, 'cmake_force_configure': False, 'cmake_target': None, 'cmake_target_skip_unavailable': False, 'install_base': '/home/student/my_uf_ws/install/my_uf_bringup', 'merge_install': False, 'path': '/home/student/my_uf_ws/src/my_ufactory_ROS2/my_uf_bringup', 'symlink_install': True, 'test_result_base': None}
[0.382s] Level 5:colcon.colcon_core.verb:set package 'my_uf_demo' build argument 'cmake_args' from command line to 'None'
[0.382s] Level 5:colcon.colcon_core.verb:set package 'my_uf_demo' build argument 'cmake_target' from command line to 'None'
[0.382s] Level 5:colcon.colcon_core.verb:set package 'my_uf_demo' build argument 'cmake_target_skip_unavailable' from command line to 'False'
[0.382s] Level 5:colcon.colcon_core.verb:set package 'my_uf_demo' build argument 'cmake_clean_cache' from command line to 'False'
[0.382s] Level 5:colcon.colcon_core.verb:set package 'my_uf_demo' build argument 'cmake_clean_first' from command line to 'False'
[0.382s] Level 5:colcon.colcon_core.verb:set package 'my_uf_demo' build argument 'cmake_force_configure' from command line to 'False'
[0.382s] Level 5:colcon.colcon_core.verb:set package 'my_uf_demo' build argument 'ament_cmake_args' from command line to 'None'
[0.382s] Level 5:colcon.colcon_core.verb:set package 'my_uf_demo' build argument 'catkin_cmake_args' from command line to 'None'
[0.382s] Level 5:colcon.colcon_core.verb:set package 'my_uf_demo' build argument 'catkin_skip_building_tests' from command line to 'False'
[0.382s] DEBUG:colcon.colcon_core.verb:Building package 'my_uf_demo' with the following arguments: {'ament_cmake_args': None, 'build_base': '/home/student/my_uf_ws/build/my_uf_demo', 'catkin_cmake_args': None, 'catkin_skip_building_tests': False, 'cmake_args': None, 'cmake_clean_cache': False, 'cmake_clean_first': False, 'cmake_force_configure': False, 'cmake_target': None, 'cmake_target_skip_unavailable': False, 'install_base': '/home/student/my_uf_ws/install/my_uf_demo', 'merge_install': False, 'path': '/home/student/my_uf_ws/src/my_ufactory_ROS2/my_uf_demo', 'symlink_install': True, 'test_result_base': None}
[0.382s] Level 5:colcon.colcon_core.verb:set package 'my_uf_description' build argument 'cmake_args' from command line to 'None'
[0.382s] Level 5:colcon.colcon_core.verb:set package 'my_uf_description' build argument 'cmake_target' from command line to 'None'
[0.382s] Level 5:colcon.colcon_core.verb:set package 'my_uf_description' build argument 'cmake_target_skip_unavailable' from command line to 'False'
[0.382s] Level 5:colcon.colcon_core.verb:set package 'my_uf_description' build argument 'cmake_clean_cache' from command line to 'False'
[0.382s] Level 5:colcon.colcon_core.verb:set package 'my_uf_description' build argument 'cmake_clean_first' from command line to 'False'
[0.382s] Level 5:colcon.colcon_core.verb:set package 'my_uf_description' build argument 'cmake_force_configure' from command line to 'False'
[0.382s] Level 5:colcon.colcon_core.verb:set package 'my_uf_description' build argument 'ament_cmake_args' from command line to 'None'
[0.382s] Level 5:colcon.colcon_core.verb:set package 'my_uf_description' build argument 'catkin_cmake_args' from command line to 'None'
[0.382s] Level 5:colcon.colcon_core.verb:set package 'my_uf_description' build argument 'catkin_skip_building_tests' from command line to 'False'
[0.382s] DEBUG:colcon.colcon_core.verb:Building package 'my_uf_description' with the following arguments: {'ament_cmake_args': None, 'build_base': '/home/student/my_uf_ws/build/my_uf_description', 'catkin_cmake_args': None, 'catkin_skip_building_tests': False, 'cmake_args': None, 'cmake_clean_cache': False, 'cmake_clean_first': False, 'cmake_force_configure': False, 'cmake_target': None, 'cmake_target_skip_unavailable': False, 'install_base': '/home/student/my_uf_ws/install/my_uf_description', 'merge_install': False, 'path': '/home/student/my_uf_ws/src/my_ufactory_ROS2/my_uf_description', 'symlink_install': True, 'test_result_base': None}
[0.383s] Level 5:colcon.colcon_core.verb:set package 'pymoveit2' build argument 'cmake_args' from command line to 'None'
[0.383s] Level 5:colcon.colcon_core.verb:set package 'pymoveit2' build argument 'cmake_target' from command line to 'None'
[0.383s] Level 5:colcon.colcon_core.verb:set package 'pymoveit2' build argument 'cmake_target_skip_unavailable' from command line to 'False'
[0.383s] Level 5:colcon.colcon_core.verb:set package 'pymoveit2' build argument 'cmake_clean_cache' from command line to 'False'
[0.383s] Level 5:colcon.colcon_core.verb:set package 'pymoveit2' build argument 'cmake_clean_first' from command line to 'False'
[0.383s] Level 5:colcon.colcon_core.verb:set package 'pymoveit2' build argument 'cmake_force_configure' from command line to 'False'
[0.383s] Level 5:colcon.colcon_core.verb:set package 'pymoveit2' build argument 'ament_cmake_args' from command line to 'None'
[0.383s] Level 5:colcon.colcon_core.verb:set package 'pymoveit2' build argument 'catkin_cmake_args' from command line to 'None'
[0.383s] Level 5:colcon.colcon_core.verb:set package 'pymoveit2' build argument 'catkin_skip_building_tests' from command line to 'False'
[0.383s] DEBUG:colcon.colcon_core.verb:Building package 'pymoveit2' with the following arguments: {'ament_cmake_args': None, 'build_base': '/home/student/my_uf_ws/build/pymoveit2', 'catkin_cmake_args': None, 'catkin_skip_building_tests': False, 'cmake_args': None, 'cmake_clean_cache': False, 'cmake_clean_first': False, 'cmake_force_configure': False, 'cmake_target': None, 'cmake_target_skip_unavailable': False, 'install_base': '/home/student/my_uf_ws/install/pymoveit2', 'merge_install': False, 'path': '/home/student/my_uf_ws/src/pymoveit2', 'symlink_install': True, 'test_result_base': None}
[0.383s] Level 5:colcon.colcon_core.verb:set package 'my_uf_moveit_config' build argument 'cmake_args' from command line to 'None'
[0.383s] Level 5:colcon.colcon_core.verb:set package 'my_uf_moveit_config' build argument 'cmake_target' from command line to 'None'
[0.383s] Level 5:colcon.colcon_core.verb:set package 'my_uf_moveit_config' build argument 'cmake_target_skip_unavailable' from command line to 'False'
[0.383s] Level 5:colcon.colcon_core.verb:set package 'my_uf_moveit_config' build argument 'cmake_clean_cache' from command line to 'False'
[0.383s] Level 5:colcon.colcon_core.verb:set package 'my_uf_moveit_config' build argument 'cmake_clean_first' from command line to 'False'
[0.383s] Level 5:colcon.colcon_core.verb:set package 'my_uf_moveit_config' build argument 'cmake_force_configure' from command line to 'False'
[0.383s] Level 5:colcon.colcon_core.verb:set package 'my_uf_moveit_config' build argument 'ament_cmake_args' from command line to 'None'
[0.383s] Level 5:colcon.colcon_core.verb:set package 'my_uf_moveit_config' build argument 'catkin_cmake_args' from command line to 'None'
[0.383s] Level 5:colcon.colcon_core.verb:set package 'my_uf_moveit_config' build argument 'catkin_skip_building_tests' from command line to 'False'
[0.383s] DEBUG:colcon.colcon_core.verb:Building package 'my_uf_moveit_config' with the following arguments: {'ament_cmake_args': None, 'build_base': '/home/student/my_uf_ws/build/my_uf_moveit_config', 'catkin_cmake_args': None, 'catkin_skip_building_tests': False, 'cmake_args': None, 'cmake_clean_cache': False, 'cmake_clean_first': False, 'cmake_force_configure': False, 'cmake_target': None, 'cmake_target_skip_unavailable': False, 'install_base': '/home/student/my_uf_ws/install/my_uf_moveit_config', 'merge_install': False, 'path': '/home/student/my_uf_ws/src/my_ufactory_ROS2/my_uf_moveit_config', 'symlink_install': True, 'test_result_base': None}
[0.383s] INFO:colcon.colcon_core.executor:Executing jobs using 'parallel' executor
[0.384s] DEBUG:colcon.colcon_parallel_executor.executor.parallel:run_until_complete
[0.384s] INFO:colcon.colcon_ros.task.ament_python.build:Building ROS package in '/home/student/my_uf_ws/src/my_ufactory_ROS2/my_uf_description' with build type 'ament_python'
[0.384s] Level 1:colcon.colcon_core.shell:create_environment_hook('my_uf_description', 'ament_prefix_path')
[0.393s] INFO:colcon.colcon_core.plugin_system:Skipping extension 'colcon_core.shell.bat': Not used on non-Windows systems
[0.393s] INFO:colcon.colcon_core.shell:Creating environment hook '/home/student/my_uf_ws/install/my_uf_description/share/my_uf_description/hook/ament_prefix_path.ps1'
[0.394s] INFO:colcon.colcon_core.shell:Creating environment descriptor '/home/student/my_uf_ws/install/my_uf_description/share/my_uf_description/hook/ament_prefix_path.dsv'
[0.394s] INFO:colcon.colcon_core.shell:Creating environment hook '/home/student/my_uf_ws/install/my_uf_description/share/my_uf_description/hook/ament_prefix_path.sh'
[0.395s] INFO:colcon.colcon_core.shell:Skip shell extension 'powershell' for command environment: Not usable outside of PowerShell
[0.395s] DEBUG:colcon.colcon_core.shell:Skip shell extension 'dsv' for command environment
[0.401s] INFO:colcon.colcon_ros.task.ament_cmake.build:Building ROS package in '/home/student/my_uf_ws/src/my_moveit_python' with build type 'ament_cmake'
[0.401s] INFO:colcon.colcon_cmake.task.cmake.build:Building CMake package in '/home/student/my_uf_ws/src/my_moveit_python'
[0.402s] INFO:colcon.colcon_core.shell:Skip shell extension 'powershell' for command environment: Not usable outside of PowerShell
[0.402s] DEBUG:colcon.colcon_core.shell:Skip shell extension 'dsv' for command environment
[0.408s] INFO:colcon.colcon_ros.task.ament_cmake.build:Building ROS package in '/home/student/my_uf_ws/src/my_ufactory_ROS2/my_uf' with build type 'ament_cmake'
[0.408s] INFO:colcon.colcon_cmake.task.cmake.build:Building CMake package in '/home/student/my_uf_ws/src/my_ufactory_ROS2/my_uf'
[0.408s] INFO:colcon.colcon_core.shell:Skip shell extension 'powershell' for command environment: Not usable outside of PowerShell
[0.408s] DEBUG:colcon.colcon_core.shell:Skip shell extension 'dsv' for command environment
[0.414s] INFO:colcon.colcon_ros.task.ament_python.build:Building ROS package in '/home/student/my_uf_ws/src/my_ufactory_ROS2/my_uf_bringup' with build type 'ament_python'
[0.414s] Level 1:colcon.colcon_core.shell:create_environment_hook('my_uf_bringup', 'ament_prefix_path')
[0.414s] INFO:colcon.colcon_core.shell:Creating environment hook '/home/student/my_uf_ws/install/my_uf_bringup/share/my_uf_bringup/hook/ament_prefix_path.ps1'
[0.415s] INFO:colcon.colcon_core.shell:Creating environment descriptor '/home/student/my_uf_ws/install/my_uf_bringup/share/my_uf_bringup/hook/ament_prefix_path.dsv'
[0.415s] INFO:colcon.colcon_core.shell:Creating environment hook '/home/student/my_uf_ws/install/my_uf_bringup/share/my_uf_bringup/hook/ament_prefix_path.sh'
[0.416s] INFO:colcon.colcon_core.shell:Skip shell extension 'powershell' for command environment: Not usable outside of PowerShell
[0.416s] DEBUG:colcon.colcon_core.shell:Skip shell extension 'dsv' for command environment
[0.670s] INFO:colcon.colcon_core.task.python.build:Building Python package in '/home/student/my_uf_ws/src/my_ufactory_ROS2/my_uf_description'
[0.670s] INFO:colcon.colcon_core.shell:Skip shell extension 'powershell' for command environment: Not usable outside of PowerShell
[0.670s] DEBUG:colcon.colcon_core.shell:Skip shell extension 'dsv' for command environment
[0.678s] DEBUG:colcon.colcon_core.event_handler.log_command:Invoking command in '/home/student/my_uf_ws/build/my_moveit_python': CMAKE_PREFIX_PATH=${CMAKE_PREFIX_PATH}:/home/student/my_depthai_ws/install/my_depthai_pose_estimation:/home/student/my_depthai_ws/install/my_depthai_python:/home/student/my_depthai_ws/install/my_depthai_object_tracking:/home/student/my_uf_ws/install/uf_ros_lib:/home/student/my_uf_ws/install/my_uf_demo:/home/student/my_uf_ws/install/my_uf_bringup:/home/student/ros2_industrial_ws/install/urdf_basics:/home/student/ros2_industrial_ws/install/transferframes:/home/student/ros2_industrial_ws/install/template_package_python:/home/student/ros2_industrial_ws/install/ros_industrial_utilities:/home/student/ros2_industrial_ws/install/ros_industrial_support:/home/student/ros2_industrial_ws/install/range_sensor:/home/student/ros2_industrial_ws/install/node_demo:/home/student/ros2_industrial_ws/install/manipulation:/home/student/ros2_industrial_ws/install/fanuc_robots:/opt/ros/jazzy DEBUGINFOD_URLS=https://debuginfod.ubuntu.com /usr/bin/cmake /home/student/my_uf_ws/src/my_moveit_python -DAMENT_CMAKE_SYMLINK_INSTALL=1 -DCMAKE_INSTALL_PREFIX=/home/student/my_uf_ws/install/my_moveit_python
[0.683s] DEBUG:colcon.colcon_core.event_handler.log_command:Invoking command in '/home/student/my_uf_ws/build/my_uf': CMAKE_PREFIX_PATH=${CMAKE_PREFIX_PATH}:/home/student/my_depthai_ws/install/my_depthai_pose_estimation:/home/student/my_depthai_ws/install/my_depthai_python:/home/student/my_depthai_ws/install/my_depthai_object_tracking:/home/student/my_uf_ws/install/uf_ros_lib:/home/student/my_uf_ws/install/my_uf_demo:/home/student/my_uf_ws/install/my_uf_bringup:/home/student/ros2_industrial_ws/install/urdf_basics:/home/student/ros2_industrial_ws/install/transferframes:/home/student/ros2_industrial_ws/install/template_package_python:/home/student/ros2_industrial_ws/install/ros_industrial_utilities:/home/student/ros2_industrial_ws/install/ros_industrial_support:/home/student/ros2_industrial_ws/install/range_sensor:/home/student/ros2_industrial_ws/install/node_demo:/home/student/ros2_industrial_ws/install/manipulation:/home/student/ros2_industrial_ws/install/fanuc_robots:/opt/ros/jazzy DEBUGINFOD_URLS=https://debuginfod.ubuntu.com /usr/bin/cmake /home/student/my_uf_ws/src/my_ufactory_ROS2/my_uf -DAMENT_CMAKE_SYMLINK_INSTALL=1 -DCMAKE_INSTALL_PREFIX=/home/student/my_uf_ws/install/my_uf
[1.085s] INFO:colcon.colcon_core.task.python.build:Building Python package in '/home/student/my_uf_ws/src/my_ufactory_ROS2/my_uf_bringup'
[1.085s] INFO:colcon.colcon_core.shell:Skip shell extension 'powershell' for command environment: Not usable outside of PowerShell
[1.085s] DEBUG:colcon.colcon_core.shell:Skip shell extension 'dsv' for command environment
[2.201s] DEBUG:colcon.colcon_core.event_handler.log_command:Invoked command in '/home/student/my_uf_ws/build/my_uf' returned '0': CMAKE_PREFIX_PATH=${CMAKE_PREFIX_PATH}:/home/student/my_depthai_ws/install/my_depthai_pose_estimation:/home/student/my_depthai_ws/install/my_depthai_python:/home/student/my_depthai_ws/install/my_depthai_object_tracking:/home/student/my_uf_ws/install/uf_ros_lib:/home/student/my_uf_ws/install/my_uf_demo:/home/student/my_uf_ws/install/my_uf_bringup:/home/student/ros2_industrial_ws/install/urdf_basics:/home/student/ros2_industrial_ws/install/transferframes:/home/student/ros2_industrial_ws/install/template_package_python:/home/student/ros2_industrial_ws/install/ros_industrial_utilities:/home/student/ros2_industrial_ws/install/ros_industrial_support:/home/student/ros2_industrial_ws/install/range_sensor:/home/student/ros2_industrial_ws/install/node_demo:/home/student/ros2_industrial_ws/install/manipulation:/home/student/ros2_industrial_ws/install/fanuc_robots:/opt/ros/jazzy DEBUGINFOD_URLS=https://debuginfod.ubuntu.com /usr/bin/cmake /home/student/my_uf_ws/src/my_ufactory_ROS2/my_uf -DAMENT_CMAKE_SYMLINK_INSTALL=1 -DCMAKE_INSTALL_PREFIX=/home/student/my_uf_ws/install/my_uf
[2.203s] DEBUG:colcon.colcon_core.event_handler.log_command:Invoking command in '/home/student/my_uf_ws/build/my_uf': CMAKE_PREFIX_PATH=${CMAKE_PREFIX_PATH}:/home/student/my_depthai_ws/install/my_depthai_pose_estimation:/home/student/my_depthai_ws/install/my_depthai_python:/home/student/my_depthai_ws/install/my_depthai_object_tracking:/home/student/my_uf_ws/install/uf_ros_lib:/home/student/my_uf_ws/install/my_uf_demo:/home/student/my_uf_ws/install/my_uf_bringup:/home/student/ros2_industrial_ws/install/urdf_basics:/home/student/ros2_industrial_ws/install/transferframes:/home/student/ros2_industrial_ws/install/template_package_python:/home/student/ros2_industrial_ws/install/ros_industrial_utilities:/home/student/ros2_industrial_ws/install/ros_industrial_support:/home/student/ros2_industrial_ws/install/range_sensor:/home/student/ros2_industrial_ws/install/node_demo:/home/student/ros2_industrial_ws/install/manipulation:/home/student/ros2_industrial_ws/install/fanuc_robots:/opt/ros/jazzy DEBUGINFOD_URLS=https://debuginfod.ubuntu.com /usr/bin/cmake --build /home/student/my_uf_ws/build/my_uf -- -j4 -l4
[2.277s] DEBUG:colcon.colcon_core.event_handler.log_command:Invoked command in '/home/student/my_uf_ws/build/my_uf' returned '0': CMAKE_PREFIX_PATH=${CMAKE_PREFIX_PATH}:/home/student/my_depthai_ws/install/my_depthai_pose_estimation:/home/student/my_depthai_ws/install/my_depthai_python:/home/student/my_depthai_ws/install/my_depthai_object_tracking:/home/student/my_uf_ws/install/uf_ros_lib:/home/student/my_uf_ws/install/my_uf_demo:/home/student/my_uf_ws/install/my_uf_bringup:/home/student/ros2_industrial_ws/install/urdf_basics:/home/student/ros2_industrial_ws/install/transferframes:/home/student/ros2_industrial_ws/install/template_package_python:/home/student/ros2_industrial_ws/install/ros_industrial_utilities:/home/student/ros2_industrial_ws/install/ros_industrial_support:/home/student/ros2_industrial_ws/install/range_sensor:/home/student/ros2_industrial_ws/install/node_demo:/home/student/ros2_industrial_ws/install/manipulation:/home/student/ros2_industrial_ws/install/fanuc_robots:/opt/ros/jazzy DEBUGINFOD_URLS=https://debuginfod.ubuntu.com /usr/bin/cmake --build /home/student/my_uf_ws/build/my_uf -- -j4 -l4
[2.295s] DEBUG:colcon.colcon_core.event_handler.log_command:Invoking command in '/home/student/my_uf_ws/build/my_uf': CMAKE_PREFIX_PATH=${CMAKE_PREFIX_PATH}:/home/student/my_depthai_ws/install/my_depthai_pose_estimation:/home/student/my_depthai_ws/install/my_depthai_python:/home/student/my_depthai_ws/install/my_depthai_object_tracking:/home/student/my_uf_ws/install/uf_ros_lib:/home/student/my_uf_ws/install/my_uf_demo:/home/student/my_uf_ws/install/my_uf_bringup:/home/student/ros2_industrial_ws/install/urdf_basics:/home/student/ros2_industrial_ws/install/transferframes:/home/student/ros2_industrial_ws/install/template_package_python:/home/student/ros2_industrial_ws/install/ros_industrial_utilities:/home/student/ros2_industrial_ws/install/ros_industrial_support:/home/student/ros2_industrial_ws/install/range_sensor:/home/student/ros2_industrial_ws/install/node_demo:/home/student/ros2_industrial_ws/install/manipulation:/home/student/ros2_industrial_ws/install/fanuc_robots:/opt/ros/jazzy DEBUGINFOD_URLS=https://debuginfod.ubuntu.com /usr/bin/cmake --install /home/student/my_uf_ws/build/my_uf
[2.396s] DEBUG:colcon.colcon_core.event_handler.log_command:Invoked command in '/home/student/my_uf_ws/build/my_moveit_python' returned '0': CMAKE_PREFIX_PATH=${CMAKE_PREFIX_PATH}:/home/student/my_depthai_ws/install/my_depthai_pose_estimation:/home/student/my_depthai_ws/install/my_depthai_python:/home/student/my_depthai_ws/install/my_depthai_object_tracking:/home/student/my_uf_ws/install/uf_ros_lib:/home/student/my_uf_ws/install/my_uf_demo:/home/student/my_uf_ws/install/my_uf_bringup:/home/student/ros2_industrial_ws/install/urdf_basics:/home/student/ros2_industrial_ws/install/transferframes:/home/student/ros2_industrial_ws/install/template_package_python:/home/student/ros2_industrial_ws/install/ros_industrial_utilities:/home/student/ros2_industrial_ws/install/ros_industrial_support:/home/student/ros2_industrial_ws/install/range_sensor:/home/student/ros2_industrial_ws/install/node_demo:/home/student/ros2_industrial_ws/install/manipulation:/home/student/ros2_industrial_ws/install/fanuc_robots:/opt/ros/jazzy DEBUGINFOD_URLS=https://debuginfod.ubuntu.com /usr/bin/cmake /home/student/my_uf_ws/src/my_moveit_python -DAMENT_CMAKE_SYMLINK_INSTALL=1 -DCMAKE_INSTALL_PREFIX=/home/student/my_uf_ws/install/my_moveit_python
[2.400s] DEBUG:colcon.colcon_core.event_handler.log_command:Invoking command in '/home/student/my_uf_ws/build/my_moveit_python': CMAKE_PREFIX_PATH=${CMAKE_PREFIX_PATH}:/home/student/my_depthai_ws/install/my_depthai_pose_estimation:/home/student/my_depthai_ws/install/my_depthai_python:/home/student/my_depthai_ws/install/my_depthai_object_tracking:/home/student/my_uf_ws/install/uf_ros_lib:/home/student/my_uf_ws/install/my_uf_demo:/home/student/my_uf_ws/install/my_uf_bringup:/home/student/ros2_industrial_ws/install/urdf_basics:/home/student/ros2_industrial_ws/install/transferframes:/home/student/ros2_industrial_ws/install/template_package_python:/home/student/ros2_industrial_ws/install/ros_industrial_utilities:/home/student/ros2_industrial_ws/install/ros_industrial_support:/home/student/ros2_industrial_ws/install/range_sensor:/home/student/ros2_industrial_ws/install/node_demo:/home/student/ros2_industrial_ws/install/manipulation:/home/student/ros2_industrial_ws/install/fanuc_robots:/opt/ros/jazzy DEBUGINFOD_URLS=https://debuginfod.ubuntu.com /usr/bin/cmake --build /home/student/my_uf_ws/build/my_moveit_python -- -j4 -l4
[2.566s] Level 1:colcon.colcon_core.environment:create_environment_scripts_only(my_uf)
[2.567s] DEBUG:colcon.colcon_core.event_handler.log_command:Invoked command in '/home/student/my_uf_ws/build/my_uf' returned '0': CMAKE_PREFIX_PATH=${CMAKE_PREFIX_PATH}:/home/student/my_depthai_ws/install/my_depthai_pose_estimation:/home/student/my_depthai_ws/install/my_depthai_python:/home/student/my_depthai_ws/install/my_depthai_object_tracking:/home/student/my_uf_ws/install/uf_ros_lib:/home/student/my_uf_ws/install/my_uf_demo:/home/student/my_uf_ws/install/my_uf_bringup:/home/student/ros2_industrial_ws/install/urdf_basics:/home/student/ros2_industrial_ws/install/transferframes:/home/student/ros2_industrial_ws/install/template_package_python:/home/student/ros2_industrial_ws/install/ros_industrial_utilities:/home/student/ros2_industrial_ws/install/ros_industrial_support:/home/student/ros2_industrial_ws/install/range_sensor:/home/student/ros2_industrial_ws/install/node_demo:/home/student/ros2_industrial_ws/install/manipulation:/home/student/ros2_industrial_ws/install/fanuc_robots:/opt/ros/jazzy DEBUGINFOD_URLS=https://debuginfod.ubuntu.com /usr/bin/cmake --install /home/student/my_uf_ws/build/my_uf
[2.575s] Level 1:colcon.colcon_core.environment:checking '/home/student/my_uf_ws/install/my_uf' for CMake module files
[2.576s] Level 1:colcon.colcon_core.environment:checking '/home/student/my_uf_ws/install/my_uf' for CMake config files
[2.576s] Level 1:colcon.colcon_core.shell:create_environment_hook('my_uf', 'cmake_prefix_path')
[2.576s] INFO:colcon.colcon_core.shell:Creating environment hook '/home/student/my_uf_ws/install/my_uf/share/my_uf/hook/cmake_prefix_path.ps1'
[2.577s] INFO:colcon.colcon_core.shell:Creating environment descriptor '/home/student/my_uf_ws/install/my_uf/share/my_uf/hook/cmake_prefix_path.dsv'
[2.578s] INFO:colcon.colcon_core.shell:Creating environment hook '/home/student/my_uf_ws/install/my_uf/share/my_uf/hook/cmake_prefix_path.sh'
[2.579s] Level 1:colcon.colcon_core.environment:checking '/home/student/my_uf_ws/install/my_uf/bin'
[2.579s] Level 1:colcon.colcon_core.environment:checking '/home/student/my_uf_ws/install/my_uf/lib/pkgconfig/my_uf.pc'
[2.580s] Level 1:colcon.colcon_core.environment:checking '/home/student/my_uf_ws/install/my_uf/lib/python3.12/site-packages'
[2.580s] Level 1:colcon.colcon_core.environment:checking '/home/student/my_uf_ws/install/my_uf/bin'
[2.581s] INFO:colcon.colcon_core.shell:Creating package script '/home/student/my_uf_ws/install/my_uf/share/my_uf/package.ps1'
[2.582s] INFO:colcon.colcon_core.shell:Creating package descriptor '/home/student/my_uf_ws/install/my_uf/share/my_uf/package.dsv'
[2.583s] INFO:colcon.colcon_core.shell:Creating package script '/home/student/my_uf_ws/install/my_uf/share/my_uf/package.sh'
[2.584s] INFO:colcon.colcon_core.shell:Creating package script '/home/student/my_uf_ws/install/my_uf/share/my_uf/package.bash'
[2.585s] INFO:colcon.colcon_core.shell:Creating package script '/home/student/my_uf_ws/install/my_uf/share/my_uf/package.zsh'
[2.586s] Level 1:colcon.colcon_core.environment:create_file_with_runtime_dependencies(/home/student/my_uf_ws/install/my_uf/share/colcon-core/packages/my_uf)
[2.588s] Level 1:colcon.colcon_core.environment:create_environment_scripts_only(my_uf)
[2.588s] Level 1:colcon.colcon_core.environment:checking '/home/student/my_uf_ws/install/my_uf' for CMake module files
[2.589s] Level 1:colcon.colcon_core.environment:checking '/home/student/my_uf_ws/install/my_uf' for CMake config files
[2.590s] Level 1:colcon.colcon_core.shell:create_environment_hook('my_uf', 'cmake_prefix_path')
[2.590s] INFO:colcon.colcon_core.shell:Creating environment hook '/home/student/my_uf_ws/install/my_uf/share/my_uf/hook/cmake_prefix_path.ps1'
[2.591s] INFO:colcon.colcon_core.shell:Creating environment descriptor '/home/student/my_uf_ws/install/my_uf/share/my_uf/hook/cmake_prefix_path.dsv'
[2.592s] INFO:colcon.colcon_core.shell:Creating environment hook '/home/student/my_uf_ws/install/my_uf/share/my_uf/hook/cmake_prefix_path.sh'
[2.593s] Level 1:colcon.colcon_core.environment:checking '/home/student/my_uf_ws/install/my_uf/bin'
[2.593s] Level 1:colcon.colcon_core.environment:checking '/home/student/my_uf_ws/install/my_uf/lib/pkgconfig/my_uf.pc'
[2.594s] Level 1:colcon.colcon_core.environment:checking '/home/student/my_uf_ws/install/my_uf/lib/python3.12/site-packages'
[2.594s] Level 1:colcon.colcon_core.environment:checking '/home/student/my_uf_ws/install/my_uf/bin'
[2.595s] INFO:colcon.colcon_core.shell:Creating package script '/home/student/my_uf_ws/install/my_uf/share/my_uf/package.ps1'
[2.596s] INFO:colcon.colcon_core.shell:Creating package descriptor '/home/student/my_uf_ws/install/my_uf/share/my_uf/package.dsv'
[2.597s] INFO:colcon.colcon_core.shell:Creating package script '/home/student/my_uf_ws/install/my_uf/share/my_uf/package.sh'
[2.598s] INFO:colcon.colcon_core.shell:Creating package script '/home/student/my_uf_ws/install/my_uf/share/my_uf/package.bash'
[2.598s] INFO:colcon.colcon_core.shell:Creating package script '/home/student/my_uf_ws/install/my_uf/share/my_uf/package.zsh'
[2.599s] Level 1:colcon.colcon_core.environment:create_file_with_runtime_dependencies(/home/student/my_uf_ws/install/my_uf/share/colcon-core/packages/my_uf)
[2.600s] INFO:colcon.colcon_ros.task.ament_python.build:Building ROS package in '/home/student/my_uf_ws/src/my_ufactory_ROS2/my_uf_demo' with build type 'ament_python'
[2.600s] Level 1:colcon.colcon_core.shell:create_environment_hook('my_uf_demo', 'ament_prefix_path')
[2.600s] INFO:colcon.colcon_core.shell:Creating environment hook '/home/student/my_uf_ws/install/my_uf_demo/share/my_uf_demo/hook/ament_prefix_path.ps1'
[2.602s] INFO:colcon.colcon_core.shell:Creating environment descriptor '/home/student/my_uf_ws/install/my_uf_demo/share/my_uf_demo/hook/ament_prefix_path.dsv'
[2.603s] INFO:colcon.colcon_core.shell:Creating environment hook '/home/student/my_uf_ws/install/my_uf_demo/share/my_uf_demo/hook/ament_prefix_path.sh'
[2.603s] INFO:colcon.colcon_core.shell:Skip shell extension 'powershell' for command environment: Not usable outside of PowerShell
[2.603s] DEBUG:colcon.colcon_core.shell:Skip shell extension 'dsv' for command environment
[3.007s] INFO:colcon.colcon_core.task.python.build:Building Python package in '/home/student/my_uf_ws/src/my_ufactory_ROS2/my_uf_demo'
[3.008s] INFO:colcon.colcon_core.shell:Skip shell extension 'powershell' for command environment: Not usable outside of PowerShell
[3.008s] DEBUG:colcon.colcon_core.shell:Skip shell extension 'dsv' for command environment
[3.022s] DEBUG:colcon.colcon_core.event_handler.log_command:Invoking command in '/home/student/my_uf_ws/build/my_uf_bringup': DEBUGINFOD_URLS=https://debuginfod.ubuntu.com PYTHONPATH=/home/student/my_uf_ws/build/my_uf_bringup/prefix_override:/usr/lib/python3/dist-packages/colcon_core/task/python/colcon_distutils_commands:/home/student/my_uf_ws/install/my_uf_bringup/lib/python3.12/site-packages:${PYTHONPATH} /usr/bin/python3 -W ignore:setup.py install is deprecated -W ignore:easy_install command is deprecated setup.py develop --editable --build-directory /home/student/my_uf_ws/build/my_uf_bringup/build --no-deps symlink_data
[3.023s] DEBUG:colcon.colcon_core.event_handler.log_command:Invoking command in '/home/student/my_uf_ws/build/my_uf_description': DEBUGINFOD_URLS=https://debuginfod.ubuntu.com PYTHONPATH=/home/student/my_uf_ws/build/my_uf_description/prefix_override:/usr/lib/python3/dist-packages/colcon_core/task/python/colcon_distutils_commands:/home/student/my_uf_ws/install/my_uf_description/lib/python3.12/site-packages:${PYTHONPATH} /usr/bin/python3 -W ignore:setup.py install is deprecated -W ignore:easy_install command is deprecated setup.py develop --editable --build-directory /home/student/my_uf_ws/build/my_uf_description/build --no-deps symlink_data
[3.183s] DEBUG:colcon.colcon_core.event_handler.log_command:Invoked command in '/home/student/my_uf_ws/build/my_moveit_python' returned '0': CMAKE_PREFIX_PATH=${CMAKE_PREFIX_PATH}:/home/student/my_depthai_ws/install/my_depthai_pose_estimation:/home/student/my_depthai_ws/install/my_depthai_python:/home/student/my_depthai_ws/install/my_depthai_object_tracking:/home/student/my_uf_ws/install/uf_ros_lib:/home/student/my_uf_ws/install/my_uf_demo:/home/student/my_uf_ws/install/my_uf_bringup:/home/student/ros2_industrial_ws/install/urdf_basics:/home/student/ros2_industrial_ws/install/transferframes:/home/student/ros2_industrial_ws/install/template_package_python:/home/student/ros2_industrial_ws/install/ros_industrial_utilities:/home/student/ros2_industrial_ws/install/ros_industrial_support:/home/student/ros2_industrial_ws/install/range_sensor:/home/student/ros2_industrial_ws/install/node_demo:/home/student/ros2_industrial_ws/install/manipulation:/home/student/ros2_industrial_ws/install/fanuc_robots:/opt/ros/jazzy DEBUGINFOD_URLS=https://debuginfod.ubuntu.com /usr/bin/cmake --build /home/student/my_uf_ws/build/my_moveit_python -- -j4 -l4
[3.185s] DEBUG:colcon.colcon_core.event_handler.log_command:Invoking command in '/home/student/my_uf_ws/build/my_moveit_python': CMAKE_PREFIX_PATH=${CMAKE_PREFIX_PATH}:/home/student/my_depthai_ws/install/my_depthai_pose_estimation:/home/student/my_depthai_ws/install/my_depthai_python:/home/student/my_depthai_ws/install/my_depthai_object_tracking:/home/student/my_uf_ws/install/uf_ros_lib:/home/student/my_uf_ws/install/my_uf_demo:/home/student/my_uf_ws/install/my_uf_bringup:/home/student/ros2_industrial_ws/install/urdf_basics:/home/student/ros2_industrial_ws/install/transferframes:/home/student/ros2_industrial_ws/install/template_package_python:/home/student/ros2_industrial_ws/install/ros_industrial_utilities:/home/student/ros2_industrial_ws/install/ros_industrial_support:/home/student/ros2_industrial_ws/install/range_sensor:/home/student/ros2_industrial_ws/install/node_demo:/home/student/ros2_industrial_ws/install/manipulation:/home/student/ros2_industrial_ws/install/fanuc_robots:/opt/ros/jazzy DEBUGINFOD_URLS=https://debuginfod.ubuntu.com /usr/bin/cmake --install /home/student/my_uf_ws/build/my_moveit_python
[3.877s] Level 1:colcon.colcon_core.environment:create_environment_scripts_only(my_moveit_python)
[3.877s] Level 1:colcon.colcon_core.environment:checking '/home/student/my_uf_ws/install/my_moveit_python' for CMake module files
[3.879s] DEBUG:colcon.colcon_core.event_handler.log_command:Invoked command in '/home/student/my_uf_ws/build/my_moveit_python' returned '0': CMAKE_PREFIX_PATH=${CMAKE_PREFIX_PATH}:/home/student/my_depthai_ws/install/my_depthai_pose_estimation:/home/student/my_depthai_ws/install/my_depthai_python:/home/student/my_depthai_ws/install/my_depthai_object_tracking:/home/student/my_uf_ws/install/uf_ros_lib:/home/student/my_uf_ws/install/my_uf_demo:/home/student/my_uf_ws/install/my_uf_bringup:/home/student/ros2_industrial_ws/install/urdf_basics:/home/student/ros2_industrial_ws/install/transferframes:/home/student/ros2_industrial_ws/install/template_package_python:/home/student/ros2_industrial_ws/install/ros_industrial_utilities:/home/student/ros2_industrial_ws/install/ros_industrial_support:/home/student/ros2_industrial_ws/install/range_sensor:/home/student/ros2_industrial_ws/install/node_demo:/home/student/ros2_industrial_ws/install/manipulation:/home/student/ros2_industrial_ws/install/fanuc_robots:/opt/ros/jazzy DEBUGINFOD_URLS=https://debuginfod.ubuntu.com /usr/bin/cmake --install /home/student/my_uf_ws/build/my_moveit_python
[3.880s] Level 1:colcon.colcon_core.environment:checking '/home/student/my_uf_ws/install/my_moveit_python' for CMake config files
[3.880s] Level 1:colcon.colcon_core.shell:create_environment_hook('my_moveit_python', 'cmake_prefix_path')
[3.880s] INFO:colcon.colcon_core.shell:Creating environment hook '/home/student/my_uf_ws/install/my_moveit_python/share/my_moveit_python/hook/cmake_prefix_path.ps1'
[3.881s] INFO:colcon.colcon_core.shell:Creating environment descriptor '/home/student/my_uf_ws/install/my_moveit_python/share/my_moveit_python/hook/cmake_prefix_path.dsv'
[3.881s] INFO:colcon.colcon_core.shell:Creating environment hook '/home/student/my_uf_ws/install/my_moveit_python/share/my_moveit_python/hook/cmake_prefix_path.sh'
[3.883s] Level 1:colcon.colcon_core.environment:checking '/home/student/my_uf_ws/install/my_moveit_python/lib'
[3.884s] Level 1:colcon.colcon_core.environment:checking '/home/student/my_uf_ws/install/my_moveit_python/bin'
[3.884s] Level 1:colcon.colcon_core.environment:checking '/home/student/my_uf_ws/install/my_moveit_python/lib/pkgconfig/my_moveit_python.pc'
[3.884s] Level 1:colcon.colcon_core.environment:checking '/home/student/my_uf_ws/install/my_moveit_python/lib/python3.12/site-packages'
[3.884s] Level 1:colcon.colcon_core.shell:create_environment_hook('my_moveit_python', 'pythonpath')
[3.885s] INFO:colcon.colcon_core.shell:Creating environment hook '/home/student/my_uf_ws/install/my_moveit_python/share/my_moveit_python/hook/pythonpath.ps1'
[3.885s] INFO:colcon.colcon_core.shell:Creating environment descriptor '/home/student/my_uf_ws/install/my_moveit_python/share/my_moveit_python/hook/pythonpath.dsv'
[3.886s] INFO:colcon.colcon_core.shell:Creating environment hook '/home/student/my_uf_ws/install/my_moveit_python/share/my_moveit_python/hook/pythonpath.sh'
[3.886s] Level 1:colcon.colcon_core.environment:checking '/home/student/my_uf_ws/install/my_moveit_python/bin'
[3.887s] INFO:colcon.colcon_core.shell:Creating package script '/home/student/my_uf_ws/install/my_moveit_python/share/my_moveit_python/package.ps1'
[3.887s] INFO:colcon.colcon_core.shell:Creating package descriptor '/home/student/my_uf_ws/install/my_moveit_python/share/my_moveit_python/package.dsv'
[3.888s] INFO:colcon.colcon_core.shell:Creating package script '/home/student/my_uf_ws/install/my_moveit_python/share/my_moveit_python/package.sh'
[3.888s] INFO:colcon.colcon_core.shell:Creating package script '/home/student/my_uf_ws/install/my_moveit_python/share/my_moveit_python/package.bash'
[3.889s] INFO:colcon.colcon_core.shell:Creating package script '/home/student/my_uf_ws/install/my_moveit_python/share/my_moveit_python/package.zsh'
[3.889s] Level 1:colcon.colcon_core.environment:create_file_with_runtime_dependencies(/home/student/my_uf_ws/install/my_moveit_python/share/colcon-core/packages/my_moveit_python)
[3.890s] Level 1:colcon.colcon_core.environment:create_environment_scripts_only(my_moveit_python)
[3.890s] Level 1:colcon.colcon_core.environment:checking '/home/student/my_uf_ws/install/my_moveit_python' for CMake module files
[3.892s] Level 1:colcon.colcon_core.environment:checking '/home/student/my_uf_ws/install/my_moveit_python' for CMake config files
[3.892s] Level 1:colcon.colcon_core.shell:create_environment_hook('my_moveit_python', 'cmake_prefix_path')
[3.892s] INFO:colcon.colcon_core.shell:Creating environment hook '/home/student/my_uf_ws/install/my_moveit_python/share/my_moveit_python/hook/cmake_prefix_path.ps1'
[3.893s] INFO:colcon.colcon_core.shell:Creating environment descriptor '/home/student/my_uf_ws/install/my_moveit_python/share/my_moveit_python/hook/cmake_prefix_path.dsv'
[3.919s] INFO:colcon.colcon_core.shell:Creating environment hook '/home/student/my_uf_ws/install/my_moveit_python/share/my_moveit_python/hook/cmake_prefix_path.sh'
[3.921s] Level 1:colcon.colcon_core.environment:checking '/home/student/my_uf_ws/install/my_moveit_python/lib'
[3.922s] Level 1:colcon.colcon_core.environment:checking '/home/student/my_uf_ws/install/my_moveit_python/bin'
[3.923s] Level 1:colcon.colcon_core.environment:checking '/home/student/my_uf_ws/install/my_moveit_python/lib/pkgconfig/my_moveit_python.pc'
[3.923s] Level 1:colcon.colcon_core.environment:checking '/home/student/my_uf_ws/install/my_moveit_python/lib/python3.12/site-packages'
[3.923s] Level 1:colcon.colcon_core.shell:create_environment_hook('my_moveit_python', 'pythonpath')
[3.923s] INFO:colcon.colcon_core.shell:Creating environment hook '/home/student/my_uf_ws/install/my_moveit_python/share/my_moveit_python/hook/pythonpath.ps1'
[3.927s] INFO:colcon.colcon_core.shell:Creating environment descriptor '/home/student/my_uf_ws/install/my_moveit_python/share/my_moveit_python/hook/pythonpath.dsv'
[3.928s] INFO:colcon.colcon_core.shell:Creating environment hook '/home/student/my_uf_ws/install/my_moveit_python/share/my_moveit_python/hook/pythonpath.sh'
[3.930s] Level 1:colcon.colcon_core.environment:checking '/home/student/my_uf_ws/install/my_moveit_python/bin'
[3.931s] INFO:colcon.colcon_core.shell:Creating package script '/home/student/my_uf_ws/install/my_moveit_python/share/my_moveit_python/package.ps1'
[3.933s] INFO:colcon.colcon_core.shell:Creating package descriptor '/home/student/my_uf_ws/install/my_moveit_python/share/my_moveit_python/package.dsv'
[3.935s] INFO:colcon.colcon_core.shell:Creating package script '/home/student/my_uf_ws/install/my_moveit_python/share/my_moveit_python/package.sh'
[3.937s] INFO:colcon.colcon_core.shell:Creating package script '/home/student/my_uf_ws/install/my_moveit_python/share/my_moveit_python/package.bash'
[3.938s] INFO:colcon.colcon_core.shell:Creating package script '/home/student/my_uf_ws/install/my_moveit_python/share/my_moveit_python/package.zsh'
[3.940s] Level 1:colcon.colcon_core.environment:create_file_with_runtime_dependencies(/home/student/my_uf_ws/install/my_moveit_python/share/colcon-core/packages/my_moveit_python)
[3.941s] INFO:colcon.colcon_ros.task.ament_cmake.build:Building ROS package in '/home/student/my_uf_ws/src/pymoveit2' with build type 'ament_cmake'
[3.941s] INFO:colcon.colcon_cmake.task.cmake.build:Building CMake package in '/home/student/my_uf_ws/src/pymoveit2'
[3.943s] INFO:colcon.colcon_core.shell:Skip shell extension 'powershell' for command environment: Not usable outside of PowerShell
[3.943s] DEBUG:colcon.colcon_core.shell:Skip shell extension 'dsv' for command environment
[3.962s] DEBUG:colcon.colcon_core.event_handler.log_command:Invoking command in '/home/student/my_uf_ws/build/pymoveit2': CMAKE_PREFIX_PATH=${CMAKE_PREFIX_PATH}:/home/student/my_depthai_ws/install/my_depthai_pose_estimation:/home/student/my_depthai_ws/install/my_depthai_python:/home/student/my_depthai_ws/install/my_depthai_object_tracking:/home/student/my_uf_ws/install/uf_ros_lib:/home/student/my_uf_ws/install/my_uf_demo:/home/student/my_uf_ws/install/my_uf_bringup:/home/student/ros2_industrial_ws/install/urdf_basics:/home/student/ros2_industrial_ws/install/transferframes:/home/student/ros2_industrial_ws/install/template_package_python:/home/student/ros2_industrial_ws/install/ros_industrial_utilities:/home/student/ros2_industrial_ws/install/ros_industrial_support:/home/student/ros2_industrial_ws/install/range_sensor:/home/student/ros2_industrial_ws/install/node_demo:/home/student/ros2_industrial_ws/install/manipulation:/home/student/ros2_industrial_ws/install/fanuc_robots:/opt/ros/jazzy DEBUGINFOD_URLS=https://debuginfod.ubuntu.com /usr/bin/cmake /home/student/my_uf_ws/src/pymoveit2 -DAMENT_CMAKE_SYMLINK_INSTALL=1 -DCMAKE_INSTALL_PREFIX=/home/student/my_uf_ws/install/pymoveit2
[4.681s] DEBUG:colcon.colcon_core.event_handler.log_command:Invoking command in '/home/student/my_uf_ws/build/my_uf_demo': DEBUGINFOD_URLS=https://debuginfod.ubuntu.com PYTHONPATH=/home/student/my_uf_ws/build/my_uf_demo/prefix_override:/usr/lib/python3/dist-packages/colcon_core/task/python/colcon_distutils_commands:/home/student/my_uf_ws/install/my_uf_demo/lib/python3.12/site-packages:${PYTHONPATH} /usr/bin/python3 -W ignore:setup.py install is deprecated -W ignore:easy_install command is deprecated setup.py develop --editable --build-directory /home/student/my_uf_ws/build/my_uf_demo/build --no-deps symlink_data
[4.872s] Level 1:colcon.colcon_core.shell:create_environment_hook('my_uf_bringup', 'pythonpath_develop')
[4.873s] INFO:colcon.colcon_core.shell:Creating environment hook '/home/student/my_uf_ws/build/my_uf_bringup/share/my_uf_bringup/hook/pythonpath_develop.ps1'
[4.873s] INFO:colcon.colcon_core.shell:Creating environment descriptor '/home/student/my_uf_ws/build/my_uf_bringup/share/my_uf_bringup/hook/pythonpath_develop.dsv'
[4.874s] INFO:colcon.colcon_core.shell:Creating environment hook '/home/student/my_uf_ws/build/my_uf_bringup/share/my_uf_bringup/hook/pythonpath_develop.sh'
[4.872s] DEBUG:colcon.colcon_core.event_handler.log_command:Invoked command in '/home/student/my_uf_ws/build/my_uf_bringup' returned '0': DEBUGINFOD_URLS=https://debuginfod.ubuntu.com PYTHONPATH=/home/student/my_uf_ws/build/my_uf_bringup/prefix_override:/usr/lib/python3/dist-packages/colcon_core/task/python/colcon_distutils_commands:/home/student/my_uf_ws/install/my_uf_bringup/lib/python3.12/site-packages:${PYTHONPATH} /usr/bin/python3 -W ignore:setup.py install is deprecated -W ignore:easy_install command is deprecated setup.py develop --editable --build-directory /home/student/my_uf_ws/build/my_uf_bringup/build --no-deps symlink_data
[4.874s] Level 1:colcon.colcon_core.environment:checking '/home/student/my_uf_ws/install/my_uf_bringup' for CMake module files
[4.875s] Level 1:colcon.colcon_core.environment:checking '/home/student/my_uf_ws/install/my_uf_bringup' for CMake config files
[4.876s] Level 1:colcon.colcon_core.environment:checking '/home/student/my_uf_ws/install/my_uf_bringup/lib'
[4.876s] Level 1:colcon.colcon_core.environment:checking '/home/student/my_uf_ws/install/my_uf_bringup/bin'
[4.876s] Level 1:colcon.colcon_core.environment:checking '/home/student/my_uf_ws/install/my_uf_bringup/lib/pkgconfig/my_uf_bringup.pc'
[4.876s] Level 1:colcon.colcon_core.environment:checking '/home/student/my_uf_ws/install/my_uf_bringup/lib/python3.12/site-packages'
[4.877s] Level 1:colcon.colcon_core.shell:create_environment_hook('my_uf_bringup', 'pythonpath')
[4.877s] INFO:colcon.colcon_core.shell:Creating environment hook '/home/student/my_uf_ws/install/my_uf_bringup/share/my_uf_bringup/hook/pythonpath.ps1'
[4.877s] INFO:colcon.colcon_core.shell:Creating environment descriptor '/home/student/my_uf_ws/install/my_uf_bringup/share/my_uf_bringup/hook/pythonpath.dsv'
[4.878s] INFO:colcon.colcon_core.shell:Creating environment hook '/home/student/my_uf_ws/install/my_uf_bringup/share/my_uf_bringup/hook/pythonpath.sh'
[4.879s] Level 1:colcon.colcon_core.environment:checking '/home/student/my_uf_ws/install/my_uf_bringup/bin'
[4.879s] Level 1:colcon.colcon_core.environment:create_environment_scripts_only(my_uf_bringup)
[4.879s] INFO:colcon.colcon_core.shell:Creating package script '/home/student/my_uf_ws/install/my_uf_bringup/share/my_uf_bringup/package.ps1'
[4.880s] INFO:colcon.colcon_core.shell:Creating package descriptor '/home/student/my_uf_ws/install/my_uf_bringup/share/my_uf_bringup/package.dsv'
[4.881s] INFO:colcon.colcon_core.shell:Creating package script '/home/student/my_uf_ws/install/my_uf_bringup/share/my_uf_bringup/package.sh'
[4.882s] INFO:colcon.colcon_core.shell:Creating package script '/home/student/my_uf_ws/install/my_uf_bringup/share/my_uf_bringup/package.bash'
[4.882s] INFO:colcon.colcon_core.shell:Creating package script '/home/student/my_uf_ws/install/my_uf_bringup/share/my_uf_bringup/package.zsh'
[4.883s] Level 1:colcon.colcon_core.environment:create_file_with_runtime_dependencies(/home/student/my_uf_ws/install/my_uf_bringup/share/colcon-core/packages/my_uf_bringup)
[4.994s] Level 1:colcon.colcon_core.shell:create_environment_hook('my_uf_description', 'pythonpath_develop')
[4.995s] INFO:colcon.colcon_core.shell:Creating environment hook '/home/student/my_uf_ws/build/my_uf_description/share/my_uf_description/hook/pythonpath_develop.ps1'
[4.995s] INFO:colcon.colcon_core.shell:Creating environment descriptor '/home/student/my_uf_ws/build/my_uf_description/share/my_uf_description/hook/pythonpath_develop.dsv'
[4.996s] DEBUG:colcon.colcon_core.event_handler.log_command:Invoked command in '/home/student/my_uf_ws/build/my_uf_description' returned '0': DEBUGINFOD_URLS=https://debuginfod.ubuntu.com PYTHONPATH=/home/student/my_uf_ws/build/my_uf_description/prefix_override:/usr/lib/python3/dist-packages/colcon_core/task/python/colcon_distutils_commands:/home/student/my_uf_ws/install/my_uf_description/lib/python3.12/site-packages:${PYTHONPATH} /usr/bin/python3 -W ignore:setup.py install is deprecated -W ignore:easy_install command is deprecated setup.py develop --editable --build-directory /home/student/my_uf_ws/build/my_uf_description/build --no-deps symlink_data
[4.996s] INFO:colcon.colcon_core.shell:Creating environment hook '/home/student/my_uf_ws/build/my_uf_description/share/my_uf_description/hook/pythonpath_develop.sh'
[4.996s] Level 1:colcon.colcon_core.environment:checking '/home/student/my_uf_ws/install/my_uf_description' for CMake module files
[4.997s] Level 1:colcon.colcon_core.environment:checking '/home/student/my_uf_ws/install/my_uf_description' for CMake config files
[4.997s] Level 1:colcon.colcon_core.environment:checking '/home/student/my_uf_ws/install/my_uf_description/lib'
[4.998s] Level 1:colcon.colcon_core.environment:checking '/home/student/my_uf_ws/install/my_uf_description/bin'
[4.998s] Level 1:colcon.colcon_core.environment:checking '/home/student/my_uf_ws/install/my_uf_description/lib/pkgconfig/my_uf_description.pc'
[4.998s] Level 1:colcon.colcon_core.environment:checking '/home/student/my_uf_ws/install/my_uf_description/lib/python3.12/site-packages'
[4.998s] Level 1:colcon.colcon_core.shell:create_environment_hook('my_uf_description', 'pythonpath')
[4.998s] INFO:colcon.colcon_core.shell:Creating environment hook '/home/student/my_uf_ws/install/my_uf_description/share/my_uf_description/hook/pythonpath.ps1'
[4.999s] INFO:colcon.colcon_core.shell:Creating environment descriptor '/home/student/my_uf_ws/install/my_uf_description/share/my_uf_description/hook/pythonpath.dsv'
[4.999s] INFO:colcon.colcon_core.shell:Creating environment hook '/home/student/my_uf_ws/install/my_uf_description/share/my_uf_description/hook/pythonpath.sh'
[5.000s] Level 1:colcon.colcon_core.environment:checking '/home/student/my_uf_ws/install/my_uf_description/bin'
[5.000s] Level 1:colcon.colcon_core.environment:create_environment_scripts_only(my_uf_description)
[5.001s] INFO:colcon.colcon_core.shell:Creating package script '/home/student/my_uf_ws/install/my_uf_description/share/my_uf_description/package.ps1'
[5.002s] INFO:colcon.colcon_core.shell:Creating package descriptor '/home/student/my_uf_ws/install/my_uf_description/share/my_uf_description/package.dsv'
[5.002s] INFO:colcon.colcon_core.shell:Creating package script '/home/student/my_uf_ws/install/my_uf_description/share/my_uf_description/package.sh'
[5.003s] INFO:colcon.colcon_core.shell:Creating package script '/home/student/my_uf_ws/install/my_uf_description/share/my_uf_description/package.bash'
[5.004s] INFO:colcon.colcon_core.shell:Creating package script '/home/student/my_uf_ws/install/my_uf_description/share/my_uf_description/package.zsh'
[5.004s] Level 1:colcon.colcon_core.environment:create_file_with_runtime_dependencies(/home/student/my_uf_ws/install/my_uf_description/share/colcon-core/packages/my_uf_description)
[5.007s] INFO:colcon.colcon_ros.task.ament_cmake.build:Building ROS package in '/home/student/my_uf_ws/src/my_ufactory_ROS2/my_uf_moveit_config' with build type 'ament_cmake'
[5.008s] INFO:colcon.colcon_cmake.task.cmake.build:Building CMake package in '/home/student/my_uf_ws/src/my_ufactory_ROS2/my_uf_moveit_config'
[5.008s] INFO:colcon.colcon_core.shell:Skip shell extension 'powershell' for command environment: Not usable outside of PowerShell
[5.008s] DEBUG:colcon.colcon_core.shell:Skip shell extension 'dsv' for command environment
[5.037s] DEBUG:colcon.colcon_core.event_handler.log_command:Invoking command in '/home/student/my_uf_ws/build/my_uf_moveit_config': AMENT_PREFIX_PATH=/home/student/my_uf_ws/install/my_uf_description:/home/student/my_depthai_ws/install/my_depthai_pose_estimation:/home/student/my_depthai_ws/install/my_depthai_python:/home/student/my_depthai_ws/install/my_depthai_object_tracking:/home/student/my_depthai_ws/install/my_depthai_interfaces:/home/student/my_depthai_ws/install/my_depthai_descriptions:/home/student/my_uf_ws/install/xarm_planner:/home/student/my_uf_ws/install/xarm_moveit_servo:/home/student/my_uf_ws/install/xarm_moveit_config:/home/student/my_uf_ws/install/xarm_gazebo:/home/student/my_uf_ws/install/xarm_controller:/home/student/my_uf_ws/install/xarm_api:/home/student/my_uf_ws/install/xarm_sdk:/home/student/my_uf_ws/install/xarm_msgs:/home/student/my_uf_ws/install/xarm_description:/home/student/my_uf_ws/install/mbot_demo:/home/student/my_uf_ws/install/uf_ros_lib:/home/student/my_uf_ws/install/realsense_gazebo_plugin:/home/student/my_uf_ws/install/pymoveit2:/home/student/my_uf_ws/install/my_uf_moveit_config:/home/student/my_uf_ws/install/my_uf_demo:/home/student/my_uf_ws/install/my_uf_bringup:/home/student/my_uf_ws/install/my_uf:/home/student/my_uf_ws/install/my_moveit_python:/home/student/my_uf_ws/src/my_ufactory_ROS2/my_uf_description/install/my_uf_description:/home/student/microROS_agent_ws/src/install/micro_ros_agent:/home/student/ros2_industrial_ws/install/urdf_basics:/home/student/ros2_industrial_ws/install/transferframes_moveit_config:/home/student/ros2_industrial_ws/install/transferframes:/home/student/ros2_industrial_ws/install/template_package_python:/home/student/ros2_industrial_ws/install/template_interfaces:/home/student/ros2_industrial_ws/install/ros_industrial_utilities:/home/student/ros2_industrial_ws/install/ros_industrial_support:/home/student/ros2_industrial_ws/install/ros_industrial_sensors:/home/student/ros2_industrial_ws/install/ros_industrial_actuators:/home/student/ros2_industrial_ws/install/ros_industrial_msgs:/home/student/ros2_industrial_ws/install/ros_industrial_install:/home/student/ros2_industrial_ws/install/range_sensor_cpp:/home/student/ros2_industrial_ws/install/range_sensor:/home/student/ros2_industrial_ws/install/range_sensors_interfaces:/home/student/ros2_industrial_ws/install/node_demo:/home/student/ros2_industrial_ws/install/manipulation_moveit_config:/home/student/ros2_industrial_ws/install/manipulation:/home/student/ros2_industrial_ws/install/fanuc_robots:/opt/ros/jazzy CMAKE_PREFIX_PATH=${CMAKE_PREFIX_PATH}:/home/student/my_depthai_ws/install/my_depthai_pose_estimation:/home/student/my_depthai_ws/install/my_depthai_python:/home/student/my_depthai_ws/install/my_depthai_object_tracking:/home/student/my_uf_ws/install/uf_ros_lib:/home/student/my_uf_ws/install/my_uf_demo:/home/student/my_uf_ws/install/my_uf_bringup:/home/student/ros2_industrial_ws/install/urdf_basics:/home/student/ros2_industrial_ws/install/transferframes:/home/student/ros2_industrial_ws/install/template_package_python:/home/student/ros2_industrial_ws/install/ros_industrial_utilities:/home/student/ros2_industrial_ws/install/ros_industrial_support:/home/student/ros2_industrial_ws/install/range_sensor:/home/student/ros2_industrial_ws/install/node_demo:/home/student/ros2_industrial_ws/install/manipulation:/home/student/ros2_industrial_ws/install/fanuc_robots:/opt/ros/jazzy DEBUGINFOD_URLS=https://debuginfod.ubuntu.com PYTHONPATH=/home/student/my_uf_ws/build/my_uf_description:/home/student/my_uf_ws/install/my_uf_description/lib/python3.12/site-packages:${PYTHONPATH} /usr/bin/cmake /home/student/my_uf_ws/src/my_ufactory_ROS2/my_uf_moveit_config -DAMENT_CMAKE_SYMLINK_INSTALL=1 -DCMAKE_INSTALL_PREFIX=/home/student/my_uf_ws/install/my_uf_moveit_config
[5.974s] Level 1:colcon.colcon_core.shell:create_environment_hook('my_uf_demo', 'pythonpath_develop')
[5.974s] INFO:colcon.colcon_core.shell:Creating environment hook '/home/student/my_uf_ws/build/my_uf_demo/share/my_uf_demo/hook/pythonpath_develop.ps1'
[5.975s] INFO:colcon.colcon_core.shell:Creating environment descriptor '/home/student/my_uf_ws/build/my_uf_demo/share/my_uf_demo/hook/pythonpath_develop.dsv'
[5.975s] INFO:colcon.colcon_core.shell:Creating environment hook '/home/student/my_uf_ws/build/my_uf_demo/share/my_uf_demo/hook/pythonpath_develop.sh'
[5.976s] Level 1:colcon.colcon_core.environment:checking '/home/student/my_uf_ws/install/my_uf_demo' for CMake module files
[5.976s] DEBUG:colcon.colcon_core.event_handler.log_command:Invoked command in '/home/student/my_uf_ws/build/my_uf_demo' returned '0': DEBUGINFOD_URLS=https://debuginfod.ubuntu.com PYTHONPATH=/home/student/my_uf_ws/build/my_uf_demo/prefix_override:/usr/lib/python3/dist-packages/colcon_core/task/python/colcon_distutils_commands:/home/student/my_uf_ws/install/my_uf_demo/lib/python3.12/site-packages:${PYTHONPATH} /usr/bin/python3 -W ignore:setup.py install is deprecated -W ignore:easy_install command is deprecated setup.py develop --editable --build-directory /home/student/my_uf_ws/build/my_uf_demo/build --no-deps symlink_data
[5.977s] Level 1:colcon.colcon_core.environment:checking '/home/student/my_uf_ws/install/my_uf_demo' for CMake config files
[5.978s] Level 1:colcon.colcon_core.environment:checking '/home/student/my_uf_ws/install/my_uf_demo/lib'
[5.978s] Level 1:colcon.colcon_core.environment:checking '/home/student/my_uf_ws/install/my_uf_demo/bin'
[5.978s] Level 1:colcon.colcon_core.environment:checking '/home/student/my_uf_ws/install/my_uf_demo/lib/pkgconfig/my_uf_demo.pc'
[5.978s] Level 1:colcon.colcon_core.environment:checking '/home/student/my_uf_ws/install/my_uf_demo/lib/python3.12/site-packages'
[5.978s] Level 1:colcon.colcon_core.shell:create_environment_hook('my_uf_demo', 'pythonpath')
[5.979s] INFO:colcon.colcon_core.shell:Creating environment hook '/home/student/my_uf_ws/install/my_uf_demo/share/my_uf_demo/hook/pythonpath.ps1'
[5.979s] INFO:colcon.colcon_core.shell:Creating environment descriptor '/home/student/my_uf_ws/install/my_uf_demo/share/my_uf_demo/hook/pythonpath.dsv'
[5.979s] INFO:colcon.colcon_core.shell:Creating environment hook '/home/student/my_uf_ws/install/my_uf_demo/share/my_uf_demo/hook/pythonpath.sh'
[5.980s] Level 1:colcon.colcon_core.environment:checking '/home/student/my_uf_ws/install/my_uf_demo/bin'
[5.980s] Level 1:colcon.colcon_core.environment:create_environment_scripts_only(my_uf_demo)
[5.980s] INFO:colcon.colcon_core.shell:Creating package script '/home/student/my_uf_ws/install/my_uf_demo/share/my_uf_demo/package.ps1'
[5.981s] INFO:colcon.colcon_core.shell:Creating package descriptor '/home/student/my_uf_ws/install/my_uf_demo/share/my_uf_demo/package.dsv'
[5.982s] INFO:colcon.colcon_core.shell:Creating package script '/home/student/my_uf_ws/install/my_uf_demo/share/my_uf_demo/package.sh'
[5.982s] INFO:colcon.colcon_core.shell:Creating package script '/home/student/my_uf_ws/install/my_uf_demo/share/my_uf_demo/package.bash'
[5.982s] INFO:colcon.colcon_core.shell:Creating package script '/home/student/my_uf_ws/install/my_uf_demo/share/my_uf_demo/package.zsh'
[5.983s] Level 1:colcon.colcon_core.environment:create_file_with_runtime_dependencies(/home/student/my_uf_ws/install/my_uf_demo/share/colcon-core/packages/my_uf_demo)
[6.018s] DEBUG:colcon.colcon_core.event_handler.log_command:Invoked command in '/home/student/my_uf_ws/build/pymoveit2' returned '0': CMAKE_PREFIX_PATH=${CMAKE_PREFIX_PATH}:/home/student/my_depthai_ws/install/my_depthai_pose_estimation:/home/student/my_depthai_ws/install/my_depthai_python:/home/student/my_depthai_ws/install/my_depthai_object_tracking:/home/student/my_uf_ws/install/uf_ros_lib:/home/student/my_uf_ws/install/my_uf_demo:/home/student/my_uf_ws/install/my_uf_bringup:/home/student/ros2_industrial_ws/install/urdf_basics:/home/student/ros2_industrial_ws/install/transferframes:/home/student/ros2_industrial_ws/install/template_package_python:/home/student/ros2_industrial_ws/install/ros_industrial_utilities:/home/student/ros2_industrial_ws/install/ros_industrial_support:/home/student/ros2_industrial_ws/install/range_sensor:/home/student/ros2_industrial_ws/install/node_demo:/home/student/ros2_industrial_ws/install/manipulation:/home/student/ros2_industrial_ws/install/fanuc_robots:/opt/ros/jazzy DEBUGINFOD_URLS=https://debuginfod.ubuntu.com /usr/bin/cmake /home/student/my_uf_ws/src/pymoveit2 -DAMENT_CMAKE_SYMLINK_INSTALL=1 -DCMAKE_INSTALL_PREFIX=/home/student/my_uf_ws/install/pymoveit2
[6.019s] DEBUG:colcon.colcon_core.event_handler.log_command:Invoking command in '/home/student/my_uf_ws/build/pymoveit2': CMAKE_PREFIX_PATH=${CMAKE_PREFIX_PATH}:/home/student/my_depthai_ws/install/my_depthai_pose_estimation:/home/student/my_depthai_ws/install/my_depthai_python:/home/student/my_depthai_ws/install/my_depthai_object_tracking:/home/student/my_uf_ws/install/uf_ros_lib:/home/student/my_uf_ws/install/my_uf_demo:/home/student/my_uf_ws/install/my_uf_bringup:/home/student/ros2_industrial_ws/install/urdf_basics:/home/student/ros2_industrial_ws/install/transferframes:/home/student/ros2_industrial_ws/install/template_package_python:/home/student/ros2_industrial_ws/install/ros_industrial_utilities:/home/student/ros2_industrial_ws/install/ros_industrial_support:/home/student/ros2_industrial_ws/install/range_sensor:/home/student/ros2_industrial_ws/install/node_demo:/home/student/ros2_industrial_ws/install/manipulation:/home/student/ros2_industrial_ws/install/fanuc_robots:/opt/ros/jazzy DEBUGINFOD_URLS=https://debuginfod.ubuntu.com /usr/bin/cmake --build /home/student/my_uf_ws/build/pymoveit2 -- -j4 -l4
[6.352s] DEBUG:colcon.colcon_core.event_handler.log_command:Invoked command in '/home/student/my_uf_ws/build/my_uf_moveit_config' returned '0': AMENT_PREFIX_PATH=/home/student/my_uf_ws/install/my_uf_description:/home/student/my_depthai_ws/install/my_depthai_pose_estimation:/home/student/my_depthai_ws/install/my_depthai_python:/home/student/my_depthai_ws/install/my_depthai_object_tracking:/home/student/my_depthai_ws/install/my_depthai_interfaces:/home/student/my_depthai_ws/install/my_depthai_descriptions:/home/student/my_uf_ws/install/xarm_planner:/home/student/my_uf_ws/install/xarm_moveit_servo:/home/student/my_uf_ws/install/xarm_moveit_config:/home/student/my_uf_ws/install/xarm_gazebo:/home/student/my_uf_ws/install/xarm_controller:/home/student/my_uf_ws/install/xarm_api:/home/student/my_uf_ws/install/xarm_sdk:/home/student/my_uf_ws/install/xarm_msgs:/home/student/my_uf_ws/install/xarm_description:/home/student/my_uf_ws/install/mbot_demo:/home/student/my_uf_ws/install/uf_ros_lib:/home/student/my_uf_ws/install/realsense_gazebo_plugin:/home/student/my_uf_ws/install/pymoveit2:/home/student/my_uf_ws/install/my_uf_moveit_config:/home/student/my_uf_ws/install/my_uf_demo:/home/student/my_uf_ws/install/my_uf_bringup:/home/student/my_uf_ws/install/my_uf:/home/student/my_uf_ws/install/my_moveit_python:/home/student/my_uf_ws/src/my_ufactory_ROS2/my_uf_description/install/my_uf_description:/home/student/microROS_agent_ws/src/install/micro_ros_agent:/home/student/ros2_industrial_ws/install/urdf_basics:/home/student/ros2_industrial_ws/install/transferframes_moveit_config:/home/student/ros2_industrial_ws/install/transferframes:/home/student/ros2_industrial_ws/install/template_package_python:/home/student/ros2_industrial_ws/install/template_interfaces:/home/student/ros2_industrial_ws/install/ros_industrial_utilities:/home/student/ros2_industrial_ws/install/ros_industrial_support:/home/student/ros2_industrial_ws/install/ros_industrial_sensors:/home/student/ros2_industrial_ws/install/ros_industrial_actuators:/home/student/ros2_industrial_ws/install/ros_industrial_msgs:/home/student/ros2_industrial_ws/install/ros_industrial_install:/home/student/ros2_industrial_ws/install/range_sensor_cpp:/home/student/ros2_industrial_ws/install/range_sensor:/home/student/ros2_industrial_ws/install/range_sensors_interfaces:/home/student/ros2_industrial_ws/install/node_demo:/home/student/ros2_industrial_ws/install/manipulation_moveit_config:/home/student/ros2_industrial_ws/install/manipulation:/home/student/ros2_industrial_ws/install/fanuc_robots:/opt/ros/jazzy CMAKE_PREFIX_PATH=${CMAKE_PREFIX_PATH}:/home/student/my_depthai_ws/install/my_depthai_pose_estimation:/home/student/my_depthai_ws/install/my_depthai_python:/home/student/my_depthai_ws/install/my_depthai_object_tracking:/home/student/my_uf_ws/install/uf_ros_lib:/home/student/my_uf_ws/install/my_uf_demo:/home/student/my_uf_ws/install/my_uf_bringup:/home/student/ros2_industrial_ws/install/urdf_basics:/home/student/ros2_industrial_ws/install/transferframes:/home/student/ros2_industrial_ws/install/template_package_python:/home/student/ros2_industrial_ws/install/ros_industrial_utilities:/home/student/ros2_industrial_ws/install/ros_industrial_support:/home/student/ros2_industrial_ws/install/range_sensor:/home/student/ros2_industrial_ws/install/node_demo:/home/student/ros2_industrial_ws/install/manipulation:/home/student/ros2_industrial_ws/install/fanuc_robots:/opt/ros/jazzy DEBUGINFOD_URLS=https://debuginfod.ubuntu.com PYTHONPATH=/home/student/my_uf_ws/build/my_uf_description:/home/student/my_uf_ws/install/my_uf_description/lib/python3.12/site-packages:${PYTHONPATH} /usr/bin/cmake /home/student/my_uf_ws/src/my_ufactory_ROS2/my_uf_moveit_config -DAMENT_CMAKE_SYMLINK_INSTALL=1 -DCMAKE_INSTALL_PREFIX=/home/student/my_uf_ws/install/my_uf_moveit_config
[6.353s] DEBUG:colcon.colcon_core.event_handler.log_command:Invoking command in '/home/student/my_uf_ws/build/my_uf_moveit_config': AMENT_PREFIX_PATH=/home/student/my_uf_ws/install/my_uf_description:/home/student/my_depthai_ws/install/my_depthai_pose_estimation:/home/student/my_depthai_ws/install/my_depthai_python:/home/student/my_depthai_ws/install/my_depthai_object_tracking:/home/student/my_depthai_ws/install/my_depthai_interfaces:/home/student/my_depthai_ws/install/my_depthai_descriptions:/home/student/my_uf_ws/install/xarm_planner:/home/student/my_uf_ws/install/xarm_moveit_servo:/home/student/my_uf_ws/install/xarm_moveit_config:/home/student/my_uf_ws/install/xarm_gazebo:/home/student/my_uf_ws/install/xarm_controller:/home/student/my_uf_ws/install/xarm_api:/home/student/my_uf_ws/install/xarm_sdk:/home/student/my_uf_ws/install/xarm_msgs:/home/student/my_uf_ws/install/xarm_description:/home/student/my_uf_ws/install/mbot_demo:/home/student/my_uf_ws/install/uf_ros_lib:/home/student/my_uf_ws/install/realsense_gazebo_plugin:/home/student/my_uf_ws/install/pymoveit2:/home/student/my_uf_ws/install/my_uf_moveit_config:/home/student/my_uf_ws/install/my_uf_demo:/home/student/my_uf_ws/install/my_uf_bringup:/home/student/my_uf_ws/install/my_uf:/home/student/my_uf_ws/install/my_moveit_python:/home/student/my_uf_ws/src/my_ufactory_ROS2/my_uf_description/install/my_uf_description:/home/student/microROS_agent_ws/src/install/micro_ros_agent:/home/student/ros2_industrial_ws/install/urdf_basics:/home/student/ros2_industrial_ws/install/transferframes_moveit_config:/home/student/ros2_industrial_ws/install/transferframes:/home/student/ros2_industrial_ws/install/template_package_python:/home/student/ros2_industrial_ws/install/template_interfaces:/home/student/ros2_industrial_ws/install/ros_industrial_utilities:/home/student/ros2_industrial_ws/install/ros_industrial_support:/home/student/ros2_industrial_ws/install/ros_industrial_sensors:/home/student/ros2_industrial_ws/install/ros_industrial_actuators:/home/student/ros2_industrial_ws/install/ros_industrial_msgs:/home/student/ros2_industrial_ws/install/ros_industrial_install:/home/student/ros2_industrial_ws/install/range_sensor_cpp:/home/student/ros2_industrial_ws/install/range_sensor:/home/student/ros2_industrial_ws/install/range_sensors_interfaces:/home/student/ros2_industrial_ws/install/node_demo:/home/student/ros2_industrial_ws/install/manipulation_moveit_config:/home/student/ros2_industrial_ws/install/manipulation:/home/student/ros2_industrial_ws/install/fanuc_robots:/opt/ros/jazzy CMAKE_PREFIX_PATH=${CMAKE_PREFIX_PATH}:/home/student/my_depthai_ws/install/my_depthai_pose_estimation:/home/student/my_depthai_ws/install/my_depthai_python:/home/student/my_depthai_ws/install/my_depthai_object_tracking:/home/student/my_uf_ws/install/uf_ros_lib:/home/student/my_uf_ws/install/my_uf_demo:/home/student/my_uf_ws/install/my_uf_bringup:/home/student/ros2_industrial_ws/install/urdf_basics:/home/student/ros2_industrial_ws/install/transferframes:/home/student/ros2_industrial_ws/install/template_package_python:/home/student/ros2_industrial_ws/install/ros_industrial_utilities:/home/student/ros2_industrial_ws/install/ros_industrial_support:/home/student/ros2_industrial_ws/install/range_sensor:/home/student/ros2_industrial_ws/install/node_demo:/home/student/ros2_industrial_ws/install/manipulation:/home/student/ros2_industrial_ws/install/fanuc_robots:/opt/ros/jazzy DEBUGINFOD_URLS=https://debuginfod.ubuntu.com PYTHONPATH=/home/student/my_uf_ws/build/my_uf_description:/home/student/my_uf_ws/install/my_uf_description/lib/python3.12/site-packages:${PYTHONPATH} /usr/bin/cmake --build /home/student/my_uf_ws/build/my_uf_moveit_config -- -j4 -l4
[6.398s] DEBUG:colcon.colcon_core.event_handler.log_command:Invoked command in '/home/student/my_uf_ws/build/my_uf_moveit_config' returned '0': AMENT_PREFIX_PATH=/home/student/my_uf_ws/install/my_uf_description:/home/student/my_depthai_ws/install/my_depthai_pose_estimation:/home/student/my_depthai_ws/install/my_depthai_python:/home/student/my_depthai_ws/install/my_depthai_object_tracking:/home/student/my_depthai_ws/install/my_depthai_interfaces:/home/student/my_depthai_ws/install/my_depthai_descriptions:/home/student/my_uf_ws/install/xarm_planner:/home/student/my_uf_ws/install/xarm_moveit_servo:/home/student/my_uf_ws/install/xarm_moveit_config:/home/student/my_uf_ws/install/xarm_gazebo:/home/student/my_uf_ws/install/xarm_controller:/home/student/my_uf_ws/install/xarm_api:/home/student/my_uf_ws/install/xarm_sdk:/home/student/my_uf_ws/install/xarm_msgs:/home/student/my_uf_ws/install/xarm_description:/home/student/my_uf_ws/install/mbot_demo:/home/student/my_uf_ws/install/uf_ros_lib:/home/student/my_uf_ws/install/realsense_gazebo_plugin:/home/student/my_uf_ws/install/pymoveit2:/home/student/my_uf_ws/install/my_uf_moveit_config:/home/student/my_uf_ws/install/my_uf_demo:/home/student/my_uf_ws/install/my_uf_bringup:/home/student/my_uf_ws/install/my_uf:/home/student/my_uf_ws/install/my_moveit_python:/home/student/my_uf_ws/src/my_ufactory_ROS2/my_uf_description/install/my_uf_description:/home/student/microROS_agent_ws/src/install/micro_ros_agent:/home/student/ros2_industrial_ws/install/urdf_basics:/home/student/ros2_industrial_ws/install/transferframes_moveit_config:/home/student/ros2_industrial_ws/install/transferframes:/home/student/ros2_industrial_ws/install/template_package_python:/home/student/ros2_industrial_ws/install/template_interfaces:/home/student/ros2_industrial_ws/install/ros_industrial_utilities:/home/student/ros2_industrial_ws/install/ros_industrial_support:/home/student/ros2_industrial_ws/install/ros_industrial_sensors:/home/student/ros2_industrial_ws/install/ros_industrial_actuators:/home/student/ros2_industrial_ws/install/ros_industrial_msgs:/home/student/ros2_industrial_ws/install/ros_industrial_install:/home/student/ros2_industrial_ws/install/range_sensor_cpp:/home/student/ros2_industrial_ws/install/range_sensor:/home/student/ros2_industrial_ws/install/range_sensors_interfaces:/home/student/ros2_industrial_ws/install/node_demo:/home/student/ros2_industrial_ws/install/manipulation_moveit_config:/home/student/ros2_industrial_ws/install/manipulation:/home/student/ros2_industrial_ws/install/fanuc_robots:/opt/ros/jazzy CMAKE_PREFIX_PATH=${CMAKE_PREFIX_PATH}:/home/student/my_depthai_ws/install/my_depthai_pose_estimation:/home/student/my_depthai_ws/install/my_depthai_python:/home/student/my_depthai_ws/install/my_depthai_object_tracking:/home/student/my_uf_ws/install/uf_ros_lib:/home/student/my_uf_ws/install/my_uf_demo:/home/student/my_uf_ws/install/my_uf_bringup:/home/student/ros2_industrial_ws/install/urdf_basics:/home/student/ros2_industrial_ws/install/transferframes:/home/student/ros2_industrial_ws/install/template_package_python:/home/student/ros2_industrial_ws/install/ros_industrial_utilities:/home/student/ros2_industrial_ws/install/ros_industrial_support:/home/student/ros2_industrial_ws/install/range_sensor:/home/student/ros2_industrial_ws/install/node_demo:/home/student/ros2_industrial_ws/install/manipulation:/home/student/ros2_industrial_ws/install/fanuc_robots:/opt/ros/jazzy DEBUGINFOD_URLS=https://debuginfod.ubuntu.com PYTHONPATH=/home/student/my_uf_ws/build/my_uf_description:/home/student/my_uf_ws/install/my_uf_description/lib/python3.12/site-packages:${PYTHONPATH} /usr/bin/cmake --build /home/student/my_uf_ws/build/my_uf_moveit_config -- -j4 -l4
[6.399s] DEBUG:colcon.colcon_core.event_handler.log_command:Invoking command in '/home/student/my_uf_ws/build/my_uf_moveit_config': AMENT_PREFIX_PATH=/home/student/my_uf_ws/install/my_uf_description:/home/student/my_depthai_ws/install/my_depthai_pose_estimation:/home/student/my_depthai_ws/install/my_depthai_python:/home/student/my_depthai_ws/install/my_depthai_object_tracking:/home/student/my_depthai_ws/install/my_depthai_interfaces:/home/student/my_depthai_ws/install/my_depthai_descriptions:/home/student/my_uf_ws/install/xarm_planner:/home/student/my_uf_ws/install/xarm_moveit_servo:/home/student/my_uf_ws/install/xarm_moveit_config:/home/student/my_uf_ws/install/xarm_gazebo:/home/student/my_uf_ws/install/xarm_controller:/home/student/my_uf_ws/install/xarm_api:/home/student/my_uf_ws/install/xarm_sdk:/home/student/my_uf_ws/install/xarm_msgs:/home/student/my_uf_ws/install/xarm_description:/home/student/my_uf_ws/install/mbot_demo:/home/student/my_uf_ws/install/uf_ros_lib:/home/student/my_uf_ws/install/realsense_gazebo_plugin:/home/student/my_uf_ws/install/pymoveit2:/home/student/my_uf_ws/install/my_uf_moveit_config:/home/student/my_uf_ws/install/my_uf_demo:/home/student/my_uf_ws/install/my_uf_bringup:/home/student/my_uf_ws/install/my_uf:/home/student/my_uf_ws/install/my_moveit_python:/home/student/my_uf_ws/src/my_ufactory_ROS2/my_uf_description/install/my_uf_description:/home/student/microROS_agent_ws/src/install/micro_ros_agent:/home/student/ros2_industrial_ws/install/urdf_basics:/home/student/ros2_industrial_ws/install/transferframes_moveit_config:/home/student/ros2_industrial_ws/install/transferframes:/home/student/ros2_industrial_ws/install/template_package_python:/home/student/ros2_industrial_ws/install/template_interfaces:/home/student/ros2_industrial_ws/install/ros_industrial_utilities:/home/student/ros2_industrial_ws/install/ros_industrial_support:/home/student/ros2_industrial_ws/install/ros_industrial_sensors:/home/student/ros2_industrial_ws/install/ros_industrial_actuators:/home/student/ros2_industrial_ws/install/ros_industrial_msgs:/home/student/ros2_industrial_ws/install/ros_industrial_install:/home/student/ros2_industrial_ws/install/range_sensor_cpp:/home/student/ros2_industrial_ws/install/range_sensor:/home/student/ros2_industrial_ws/install/range_sensors_interfaces:/home/student/ros2_industrial_ws/install/node_demo:/home/student/ros2_industrial_ws/install/manipulation_moveit_config:/home/student/ros2_industrial_ws/install/manipulation:/home/student/ros2_industrial_ws/install/fanuc_robots:/opt/ros/jazzy CMAKE_PREFIX_PATH=${CMAKE_PREFIX_PATH}:/home/student/my_depthai_ws/install/my_depthai_pose_estimation:/home/student/my_depthai_ws/install/my_depthai_python:/home/student/my_depthai_ws/install/my_depthai_object_tracking:/home/student/my_uf_ws/install/uf_ros_lib:/home/student/my_uf_ws/install/my_uf_demo:/home/student/my_uf_ws/install/my_uf_bringup:/home/student/ros2_industrial_ws/install/urdf_basics:/home/student/ros2_industrial_ws/install/transferframes:/home/student/ros2_industrial_ws/install/template_package_python:/home/student/ros2_industrial_ws/install/ros_industrial_utilities:/home/student/ros2_industrial_ws/install/ros_industrial_support:/home/student/ros2_industrial_ws/install/range_sensor:/home/student/ros2_industrial_ws/install/node_demo:/home/student/ros2_industrial_ws/install/manipulation:/home/student/ros2_industrial_ws/install/fanuc_robots:/opt/ros/jazzy DEBUGINFOD_URLS=https://debuginfod.ubuntu.com PYTHONPATH=/home/student/my_uf_ws/build/my_uf_description:/home/student/my_uf_ws/install/my_uf_description/lib/python3.12/site-packages:${PYTHONPATH} /usr/bin/cmake --install /home/student/my_uf_ws/build/my_uf_moveit_config
[6.628s] DEBUG:colcon.colcon_core.event_handler.log_command:Invoked command in '/home/student/my_uf_ws/build/pymoveit2' returned '0': CMAKE_PREFIX_PATH=${CMAKE_PREFIX_PATH}:/home/student/my_depthai_ws/install/my_depthai_pose_estimation:/home/student/my_depthai_ws/install/my_depthai_python:/home/student/my_depthai_ws/install/my_depthai_object_tracking:/home/student/my_uf_ws/install/uf_ros_lib:/home/student/my_uf_ws/install/my_uf_demo:/home/student/my_uf_ws/install/my_uf_bringup:/home/student/ros2_industrial_ws/install/urdf_basics:/home/student/ros2_industrial_ws/install/transferframes:/home/student/ros2_industrial_ws/install/template_package_python:/home/student/ros2_industrial_ws/install/ros_industrial_utilities:/home/student/ros2_industrial_ws/install/ros_industrial_support:/home/student/ros2_industrial_ws/install/range_sensor:/home/student/ros2_industrial_ws/install/node_demo:/home/student/ros2_industrial_ws/install/manipulation:/home/student/ros2_industrial_ws/install/fanuc_robots:/opt/ros/jazzy DEBUGINFOD_URLS=https://debuginfod.ubuntu.com /usr/bin/cmake --build /home/student/my_uf_ws/build/pymoveit2 -- -j4 -l4
[6.630s] DEBUG:colcon.colcon_core.event_handler.log_command:Invoking command in '/home/student/my_uf_ws/build/pymoveit2': CMAKE_PREFIX_PATH=${CMAKE_PREFIX_PATH}:/home/student/my_depthai_ws/install/my_depthai_pose_estimation:/home/student/my_depthai_ws/install/my_depthai_python:/home/student/my_depthai_ws/install/my_depthai_object_tracking:/home/student/my_uf_ws/install/uf_ros_lib:/home/student/my_uf_ws/install/my_uf_demo:/home/student/my_uf_ws/install/my_uf_bringup:/home/student/ros2_industrial_ws/install/urdf_basics:/home/student/ros2_industrial_ws/install/transferframes:/home/student/ros2_industrial_ws/install/template_package_python:/home/student/ros2_industrial_ws/install/ros_industrial_utilities:/home/student/ros2_industrial_ws/install/ros_industrial_support:/home/student/ros2_industrial_ws/install/range_sensor:/home/student/ros2_industrial_ws/install/node_demo:/home/student/ros2_industrial_ws/install/manipulation:/home/student/ros2_industrial_ws/install/fanuc_robots:/opt/ros/jazzy DEBUGINFOD_URLS=https://debuginfod.ubuntu.com /usr/bin/cmake --install /home/student/my_uf_ws/build/pymoveit2
[7.029s] Level 1:colcon.colcon_core.environment:create_environment_scripts_only(my_uf_moveit_config)
[7.029s] Level 1:colcon.colcon_core.environment:checking '/home/student/my_uf_ws/install/my_uf_moveit_config' for CMake module files
[7.030s] DEBUG:colcon.colcon_core.event_handler.log_command:Invoked command in '/home/student/my_uf_ws/build/my_uf_moveit_config' returned '0': AMENT_PREFIX_PATH=/home/student/my_uf_ws/install/my_uf_description:/home/student/my_depthai_ws/install/my_depthai_pose_estimation:/home/student/my_depthai_ws/install/my_depthai_python:/home/student/my_depthai_ws/install/my_depthai_object_tracking:/home/student/my_depthai_ws/install/my_depthai_interfaces:/home/student/my_depthai_ws/install/my_depthai_descriptions:/home/student/my_uf_ws/install/xarm_planner:/home/student/my_uf_ws/install/xarm_moveit_servo:/home/student/my_uf_ws/install/xarm_moveit_config:/home/student/my_uf_ws/install/xarm_gazebo:/home/student/my_uf_ws/install/xarm_controller:/home/student/my_uf_ws/install/xarm_api:/home/student/my_uf_ws/install/xarm_sdk:/home/student/my_uf_ws/install/xarm_msgs:/home/student/my_uf_ws/install/xarm_description:/home/student/my_uf_ws/install/mbot_demo:/home/student/my_uf_ws/install/uf_ros_lib:/home/student/my_uf_ws/install/realsense_gazebo_plugin:/home/student/my_uf_ws/install/pymoveit2:/home/student/my_uf_ws/install/my_uf_moveit_config:/home/student/my_uf_ws/install/my_uf_demo:/home/student/my_uf_ws/install/my_uf_bringup:/home/student/my_uf_ws/install/my_uf:/home/student/my_uf_ws/install/my_moveit_python:/home/student/my_uf_ws/src/my_ufactory_ROS2/my_uf_description/install/my_uf_description:/home/student/microROS_agent_ws/src/install/micro_ros_agent:/home/student/ros2_industrial_ws/install/urdf_basics:/home/student/ros2_industrial_ws/install/transferframes_moveit_config:/home/student/ros2_industrial_ws/install/transferframes:/home/student/ros2_industrial_ws/install/template_package_python:/home/student/ros2_industrial_ws/install/template_interfaces:/home/student/ros2_industrial_ws/install/ros_industrial_utilities:/home/student/ros2_industrial_ws/install/ros_industrial_support:/home/student/ros2_industrial_ws/install/ros_industrial_sensors:/home/student/ros2_industrial_ws/install/ros_industrial_actuators:/home/student/ros2_industrial_ws/install/ros_industrial_msgs:/home/student/ros2_industrial_ws/install/ros_industrial_install:/home/student/ros2_industrial_ws/install/range_sensor_cpp:/home/student/ros2_industrial_ws/install/range_sensor:/home/student/ros2_industrial_ws/install/range_sensors_interfaces:/home/student/ros2_industrial_ws/install/node_demo:/home/student/ros2_industrial_ws/install/manipulation_moveit_config:/home/student/ros2_industrial_ws/install/manipulation:/home/student/ros2_industrial_ws/install/fanuc_robots:/opt/ros/jazzy CMAKE_PREFIX_PATH=${CMAKE_PREFIX_PATH}:/home/student/my_depthai_ws/install/my_depthai_pose_estimation:/home/student/my_depthai_ws/install/my_depthai_python:/home/student/my_depthai_ws/install/my_depthai_object_tracking:/home/student/my_uf_ws/install/uf_ros_lib:/home/student/my_uf_ws/install/my_uf_demo:/home/student/my_uf_ws/install/my_uf_bringup:/home/student/ros2_industrial_ws/install/urdf_basics:/home/student/ros2_industrial_ws/install/transferframes:/home/student/ros2_industrial_ws/install/template_package_python:/home/student/ros2_industrial_ws/install/ros_industrial_utilities:/home/student/ros2_industrial_ws/install/ros_industrial_support:/home/student/ros2_industrial_ws/install/range_sensor:/home/student/ros2_industrial_ws/install/node_demo:/home/student/ros2_industrial_ws/install/manipulation:/home/student/ros2_industrial_ws/install/fanuc_robots:/opt/ros/jazzy DEBUGINFOD_URLS=https://debuginfod.ubuntu.com PYTHONPATH=/home/student/my_uf_ws/build/my_uf_description:/home/student/my_uf_ws/install/my_uf_description/lib/python3.12/site-packages:${PYTHONPATH} /usr/bin/cmake --install /home/student/my_uf_ws/build/my_uf_moveit_config
[7.031s] Level 1:colcon.colcon_core.environment:checking '/home/student/my_uf_ws/install/my_uf_moveit_config' for CMake config files
[7.031s] Level 1:colcon.colcon_core.shell:create_environment_hook('my_uf_moveit_config', 'cmake_prefix_path')
[7.031s] INFO:colcon.colcon_core.shell:Creating environment hook '/home/student/my_uf_ws/install/my_uf_moveit_config/share/my_uf_moveit_config/hook/cmake_prefix_path.ps1'
[7.031s] INFO:colcon.colcon_core.shell:Creating environment descriptor '/home/student/my_uf_ws/install/my_uf_moveit_config/share/my_uf_moveit_config/hook/cmake_prefix_path.dsv'
[7.032s] INFO:colcon.colcon_core.shell:Creating environment hook '/home/student/my_uf_ws/install/my_uf_moveit_config/share/my_uf_moveit_config/hook/cmake_prefix_path.sh'
[7.032s] Level 1:colcon.colcon_core.environment:checking '/home/student/my_uf_ws/install/my_uf_moveit_config/bin'
[7.032s] Level 1:colcon.colcon_core.environment:checking '/home/student/my_uf_ws/install/my_uf_moveit_config/lib/pkgconfig/my_uf_moveit_config.pc'
[7.033s] Level 1:colcon.colcon_core.environment:checking '/home/student/my_uf_ws/install/my_uf_moveit_config/lib/python3.12/site-packages'
[7.033s] Level 1:colcon.colcon_core.environment:checking '/home/student/my_uf_ws/install/my_uf_moveit_config/bin'
[7.033s] INFO:colcon.colcon_core.shell:Creating package script '/home/student/my_uf_ws/install/my_uf_moveit_config/share/my_uf_moveit_config/package.ps1'
[7.034s] INFO:colcon.colcon_core.shell:Creating package descriptor '/home/student/my_uf_ws/install/my_uf_moveit_config/share/my_uf_moveit_config/package.dsv'
[7.034s] INFO:colcon.colcon_core.shell:Creating package script '/home/student/my_uf_ws/install/my_uf_moveit_config/share/my_uf_moveit_config/package.sh'
[7.035s] INFO:colcon.colcon_core.shell:Creating package script '/home/student/my_uf_ws/install/my_uf_moveit_config/share/my_uf_moveit_config/package.bash'
[7.035s] INFO:colcon.colcon_core.shell:Creating package script '/home/student/my_uf_ws/install/my_uf_moveit_config/share/my_uf_moveit_config/package.zsh'
[7.035s] Level 1:colcon.colcon_core.environment:create_file_with_runtime_dependencies(/home/student/my_uf_ws/install/my_uf_moveit_config/share/colcon-core/packages/my_uf_moveit_config)
[7.036s] Level 1:colcon.colcon_core.environment:create_environment_scripts_only(my_uf_moveit_config)
[7.036s] Level 1:colcon.colcon_core.environment:checking '/home/student/my_uf_ws/install/my_uf_moveit_config' for CMake module files
[7.036s] Level 1:colcon.colcon_core.environment:checking '/home/student/my_uf_ws/install/my_uf_moveit_config' for CMake config files
[7.037s] Level 1:colcon.colcon_core.shell:create_environment_hook('my_uf_moveit_config', 'cmake_prefix_path')
[7.037s] INFO:colcon.colcon_core.shell:Creating environment hook '/home/student/my_uf_ws/install/my_uf_moveit_config/share/my_uf_moveit_config/hook/cmake_prefix_path.ps1'
[7.037s] INFO:colcon.colcon_core.shell:Creating environment descriptor '/home/student/my_uf_ws/install/my_uf_moveit_config/share/my_uf_moveit_config/hook/cmake_prefix_path.dsv'
[7.038s] INFO:colcon.colcon_core.shell:Creating environment hook '/home/student/my_uf_ws/install/my_uf_moveit_config/share/my_uf_moveit_config/hook/cmake_prefix_path.sh'
[7.038s] Level 1:colcon.colcon_core.environment:checking '/home/student/my_uf_ws/install/my_uf_moveit_config/bin'
[7.039s] Level 1:colcon.colcon_core.environment:checking '/home/student/my_uf_ws/install/my_uf_moveit_config/lib/pkgconfig/my_uf_moveit_config.pc'
[7.039s] Level 1:colcon.colcon_core.environment:checking '/home/student/my_uf_ws/install/my_uf_moveit_config/lib/python3.12/site-packages'
[7.039s] Level 1:colcon.colcon_core.environment:checking '/home/student/my_uf_ws/install/my_uf_moveit_config/bin'
[7.039s] INFO:colcon.colcon_core.shell:Creating package script '/home/student/my_uf_ws/install/my_uf_moveit_config/share/my_uf_moveit_config/package.ps1'
[7.040s] INFO:colcon.colcon_core.shell:Creating package descriptor '/home/student/my_uf_ws/install/my_uf_moveit_config/share/my_uf_moveit_config/package.dsv'
[7.041s] INFO:colcon.colcon_core.shell:Creating package script '/home/student/my_uf_ws/install/my_uf_moveit_config/share/my_uf_moveit_config/package.sh'
[7.042s] INFO:colcon.colcon_core.shell:Creating package script '/home/student/my_uf_ws/install/my_uf_moveit_config/share/my_uf_moveit_config/package.bash'
[7.042s] INFO:colcon.colcon_core.shell:Creating package script '/home/student/my_uf_ws/install/my_uf_moveit_config/share/my_uf_moveit_config/package.zsh'
[7.043s] Level 1:colcon.colcon_core.environment:create_file_with_runtime_dependencies(/home/student/my_uf_ws/install/my_uf_moveit_config/share/colcon-core/packages/my_uf_moveit_config)
[7.224s] Level 1:colcon.colcon_core.environment:create_environment_scripts_only(pymoveit2)
[7.224s] Level 1:colcon.colcon_core.environment:checking '/home/student/my_uf_ws/install/pymoveit2' for CMake module files
[7.225s] DEBUG:colcon.colcon_core.event_handler.log_command:Invoked command in '/home/student/my_uf_ws/build/pymoveit2' returned '0': CMAKE_PREFIX_PATH=${CMAKE_PREFIX_PATH}:/home/student/my_depthai_ws/install/my_depthai_pose_estimation:/home/student/my_depthai_ws/install/my_depthai_python:/home/student/my_depthai_ws/install/my_depthai_object_tracking:/home/student/my_uf_ws/install/uf_ros_lib:/home/student/my_uf_ws/install/my_uf_demo:/home/student/my_uf_ws/install/my_uf_bringup:/home/student/ros2_industrial_ws/install/urdf_basics:/home/student/ros2_industrial_ws/install/transferframes:/home/student/ros2_industrial_ws/install/template_package_python:/home/student/ros2_industrial_ws/install/ros_industrial_utilities:/home/student/ros2_industrial_ws/install/ros_industrial_support:/home/student/ros2_industrial_ws/install/range_sensor:/home/student/ros2_industrial_ws/install/node_demo:/home/student/ros2_industrial_ws/install/manipulation:/home/student/ros2_industrial_ws/install/fanuc_robots:/opt/ros/jazzy DEBUGINFOD_URLS=https://debuginfod.ubuntu.com /usr/bin/cmake --install /home/student/my_uf_ws/build/pymoveit2
[7.225s] Level 1:colcon.colcon_core.environment:checking '/home/student/my_uf_ws/install/pymoveit2' for CMake config files
[7.226s] Level 1:colcon.colcon_core.shell:create_environment_hook('pymoveit2', 'cmake_prefix_path')
[7.226s] INFO:colcon.colcon_core.shell:Creating environment hook '/home/student/my_uf_ws/install/pymoveit2/share/pymoveit2/hook/cmake_prefix_path.ps1'
[7.226s] INFO:colcon.colcon_core.shell:Creating environment descriptor '/home/student/my_uf_ws/install/pymoveit2/share/pymoveit2/hook/cmake_prefix_path.dsv'
[7.227s] INFO:colcon.colcon_core.shell:Creating environment hook '/home/student/my_uf_ws/install/pymoveit2/share/pymoveit2/hook/cmake_prefix_path.sh'
[7.227s] Level 1:colcon.colcon_core.environment:checking '/home/student/my_uf_ws/install/pymoveit2/lib'
[7.227s] Level 1:colcon.colcon_core.environment:checking '/home/student/my_uf_ws/install/pymoveit2/bin'
[7.228s] Level 1:colcon.colcon_core.environment:checking '/home/student/my_uf_ws/install/pymoveit2/lib/pkgconfig/pymoveit2.pc'
[7.228s] Level 1:colcon.colcon_core.environment:checking '/home/student/my_uf_ws/install/pymoveit2/lib/python3.12/site-packages'
[7.228s] Level 1:colcon.colcon_core.shell:create_environment_hook('pymoveit2', 'pythonpath')
[7.228s] INFO:colcon.colcon_core.shell:Creating environment hook '/home/student/my_uf_ws/install/pymoveit2/share/pymoveit2/hook/pythonpath.ps1'
[7.228s] INFO:colcon.colcon_core.shell:Creating environment descriptor '/home/student/my_uf_ws/install/pymoveit2/share/pymoveit2/hook/pythonpath.dsv'
[7.229s] INFO:colcon.colcon_core.shell:Creating environment hook '/home/student/my_uf_ws/install/pymoveit2/share/pymoveit2/hook/pythonpath.sh'
[7.229s] Level 1:colcon.colcon_core.environment:checking '/home/student/my_uf_ws/install/pymoveit2/bin'
[7.230s] INFO:colcon.colcon_core.shell:Creating package script '/home/student/my_uf_ws/install/pymoveit2/share/pymoveit2/package.ps1'
[7.230s] INFO:colcon.colcon_core.shell:Creating package descriptor '/home/student/my_uf_ws/install/pymoveit2/share/pymoveit2/package.dsv'
[7.231s] INFO:colcon.colcon_core.shell:Creating package script '/home/student/my_uf_ws/install/pymoveit2/share/pymoveit2/package.sh'
[7.231s] INFO:colcon.colcon_core.shell:Creating package script '/home/student/my_uf_ws/install/pymoveit2/share/pymoveit2/package.bash'
[7.231s] INFO:colcon.colcon_core.shell:Creating package script '/home/student/my_uf_ws/install/pymoveit2/share/pymoveit2/package.zsh'
[7.232s] Level 1:colcon.colcon_core.environment:create_file_with_runtime_dependencies(/home/student/my_uf_ws/install/pymoveit2/share/colcon-core/packages/pymoveit2)
[7.232s] Level 1:colcon.colcon_core.environment:create_environment_scripts_only(pymoveit2)
[7.232s] Level 1:colcon.colcon_core.environment:checking '/home/student/my_uf_ws/install/pymoveit2' for CMake module files
[7.233s] Level 1:colcon.colcon_core.environment:checking '/home/student/my_uf_ws/install/pymoveit2' for CMake config files
[7.233s] Level 1:colcon.colcon_core.shell:create_environment_hook('pymoveit2', 'cmake_prefix_path')
[7.233s] INFO:colcon.colcon_core.shell:Creating environment hook '/home/student/my_uf_ws/install/pymoveit2/share/pymoveit2/hook/cmake_prefix_path.ps1'
[7.234s] INFO:colcon.colcon_core.shell:Creating environment descriptor '/home/student/my_uf_ws/install/pymoveit2/share/pymoveit2/hook/cmake_prefix_path.dsv'
[7.234s] INFO:colcon.colcon_core.shell:Creating environment hook '/home/student/my_uf_ws/install/pymoveit2/share/pymoveit2/hook/cmake_prefix_path.sh'
[7.235s] Level 1:colcon.colcon_core.environment:checking '/home/student/my_uf_ws/install/pymoveit2/lib'
[7.235s] Level 1:colcon.colcon_core.environment:checking '/home/student/my_uf_ws/install/pymoveit2/bin'
[7.235s] Level 1:colcon.colcon_core.environment:checking '/home/student/my_uf_ws/install/pymoveit2/lib/pkgconfig/pymoveit2.pc'
[7.235s] Level 1:colcon.colcon_core.environment:checking '/home/student/my_uf_ws/install/pymoveit2/lib/python3.12/site-packages'
[7.235s] Level 1:colcon.colcon_core.shell:create_environment_hook('pymoveit2', 'pythonpath')
[7.236s] INFO:colcon.colcon_core.shell:Creating environment hook '/home/student/my_uf_ws/install/pymoveit2/share/pymoveit2/hook/pythonpath.ps1'
[7.236s] INFO:colcon.colcon_core.shell:Creating environment descriptor '/home/student/my_uf_ws/install/pymoveit2/share/pymoveit2/hook/pythonpath.dsv'
[7.236s] INFO:colcon.colcon_core.shell:Creating environment hook '/home/student/my_uf_ws/install/pymoveit2/share/pymoveit2/hook/pythonpath.sh'
[7.237s] Level 1:colcon.colcon_core.environment:checking '/home/student/my_uf_ws/install/pymoveit2/bin'
[7.237s] INFO:colcon.colcon_core.shell:Creating package script '/home/student/my_uf_ws/install/pymoveit2/share/pymoveit2/package.ps1'
[7.238s] INFO:colcon.colcon_core.shell:Creating package descriptor '/home/student/my_uf_ws/install/pymoveit2/share/pymoveit2/package.dsv'
[7.239s] INFO:colcon.colcon_core.shell:Creating package script '/home/student/my_uf_ws/install/pymoveit2/share/pymoveit2/package.sh'
[7.239s] INFO:colcon.colcon_core.shell:Creating package script '/home/student/my_uf_ws/install/pymoveit2/share/pymoveit2/package.bash'
[7.240s] INFO:colcon.colcon_core.shell:Creating package script '/home/student/my_uf_ws/install/pymoveit2/share/pymoveit2/package.zsh'
[7.240s] Level 1:colcon.colcon_core.environment:create_file_with_runtime_dependencies(/home/student/my_uf_ws/install/pymoveit2/share/colcon-core/packages/pymoveit2)
[7.241s] DEBUG:colcon.colcon_parallel_executor.executor.parallel:closing loop
[7.241s] DEBUG:colcon.colcon_parallel_executor.executor.parallel:loop closed
[7.242s] DEBUG:colcon.colcon_parallel_executor.executor.parallel:run_until_complete finished with '0'
[7.242s] DEBUG:colcon.colcon_core.event_reactor:joining thread
[7.252s] INFO:colcon.colcon_core.plugin_system:Skipping extension 'colcon_notification.desktop_notification.terminal_notifier': Not used on non-Darwin systems
[7.252s] INFO:colcon.colcon_core.plugin_system:Skipping extension 'colcon_notification.desktop_notification.win32': Not used on non-Windows systems
[7.252s] INFO:colcon.colcon_notification.desktop_notification:Sending desktop notification using 'notify2'
[7.270s] DEBUG:colcon.colcon_core.event_reactor:joined thread
[7.271s] INFO:colcon.colcon_core.shell:Creating prefix script '/home/student/my_uf_ws/install/local_setup.ps1'
[7.272s] INFO:colcon.colcon_core.shell:Creating prefix util module '/home/student/my_uf_ws/install/_local_setup_util_ps1.py'
[7.273s] INFO:colcon.colcon_core.shell:Creating prefix chain script '/home/student/my_uf_ws/install/setup.ps1'
[7.275s] INFO:colcon.colcon_core.shell:Creating prefix script '/home/student/my_uf_ws/install/local_setup.sh'
[7.276s] INFO:colcon.colcon_core.shell:Creating prefix util module '/home/student/my_uf_ws/install/_local_setup_util_sh.py'
[7.277s] INFO:colcon.colcon_core.shell:Creating prefix chain script '/home/student/my_uf_ws/install/setup.sh'
[7.280s] INFO:colcon.colcon_core.shell:Creating prefix script '/home/student/my_uf_ws/install/local_setup.bash'
[7.280s] INFO:colcon.colcon_core.shell:Creating prefix chain script '/home/student/my_uf_ws/install/setup.bash'
[7.283s] INFO:colcon.colcon_core.shell:Creating prefix script '/home/student/my_uf_ws/install/local_setup.zsh'
[7.283s] INFO:colcon.colcon_core.shell:Creating prefix chain script '/home/student/my_uf_ws/install/setup.zsh'
